        f (GHz),            I_inc[1][1] (A),            Re{I[1][1]} (A),            Im{I[1][1]} (A),            Re{I[2][1]} (A),            Im{I[2][1]} (A),            Re{I[3][1]} (A),            Im{I[3][1]} (A),            Re{I[4][1]} (A),            Im{I[4][1]} (A),            I_inc[2][2] (A),            Re{I[1][2]} (A),            Im{I[1][2]} (A),            Re{I[2][2]} (A),            Im{I[2][2]} (A),            Re{I[3][2]} (A),            Im{I[3][2]} (A),            Re{I[4][2]} (A),            Im{I[4][2]} (A),            I_inc[3][3] (A),            Re{I[1][3]} (A),            Im{I[1][3]} (A),            Re{I[2][3]} (A),            Im{I[2][3]} (A),            Re{I[3][3]} (A),            Im{I[3][3]} (A),            Re{I[4][3]} (A),            Im{I[4][3]} (A),            I_inc[4][4] (A),            Re{I[1][4]} (A),            Im{I[1][4]} (A),            Re{I[2][4]} (A),            Im{I[2][4]} (A),            Re{I[3][4]} (A),            Im{I[3][4]} (A),            Re{I[4][4]} (A),            Im{I[4][4]} (A)
 1.00000000e+00,        +1.414213562373e-01,        +1.420925186357e-01,        +6.909481690523e-06,        +1.136278115564e-04,        +2.897982924094e-05,        +1.407400003408e-01,        -3.968503317531e-04,        -1.119149307103e-04,        +3.991794488572e-06,        +1.414213562373e-01,        +1.136278115897e-04,        +2.897982921651e-05,        +1.420913763084e-01,        +7.060650913935e-06,        -1.119154627299e-04,        +3.992298930198e-06,        +1.407407068192e-01,        -3.928923893250e-04,        +1.414213562373e-01,        +1.407400003408e-01,        -3.968503317545e-04,        -1.119154627633e-04,        +3.992298954136e-06,        +1.420929060675e-01,        +6.584257329672e-06,        +1.135757371869e-04,        +2.979969031084e-05,        +1.414213562373e-01,        -1.119149307757e-04,        +3.991794497630e-06,        +1.407407068192e-01,        -3.928923893245e-04,        +1.135757371226e-04,        +2.979969032066e-05,        +1.420917260835e-01,        +6.788140685599e-06
 6.00000000e+00,        +1.414213562373e-01,        +1.421254303878e-01,        -7.321881855170e-05,        +1.376873837236e-04,        +1.554109987356e-04,        +1.406135060268e-01,        -2.144208764846e-03,        -1.204384781139e-04,        +2.292117763696e-05,        +1.414213562373e-01,        +1.376873837277e-04,        +1.554109987343e-04,        +1.421217910039e-01,        -6.256465934576e-05,        -1.204799515189e-04,        +2.285392928548e-05,        +1.406151849272e-01,        -2.124647756210e-03,        +1.414213562373e-01,        +1.406135060268e-01,        -2.144208764846e-03,        -1.204799515230e-04,        +2.285392928757e-05,        +1.421399286148e-01,        -7.304905149103e-05,        +1.342561296052e-04,        +1.604682762385e-04,        +1.414213562373e-01,        -1.204384781094e-04,        +2.292117763429e-05,        +1.406151849272e-01,        -2.124647756208e-03,        +1.342561296098e-04,        +1.604682762351e-04,        +1.421351344081e-01,        -6.188830065413e-05
 1.10000000e+01,        +1.414213562373e-01,        +1.421555356382e-01,        -1.572611975330e-04,        +1.622070020568e-04,        +2.663315604576e-04,        +1.405066261090e-01,        -3.847240757876e-03,        -1.321144665468e-04,        +5.043810214522e-05,        +1.414213562373e-01,        +1.622070020534e-04,        +2.663315604548e-04,        +1.421523177331e-01,        -1.357747312955e-04,        -1.322311206984e-04,        +5.040287953788e-05,        +1.405096175473e-01,        -3.811643253742e-03,        +1.414213562373e-01,        +1.405066261090e-01,        -3.847240757876e-03,        -1.322311206951e-04,        +5.040287954066e-05,        +1.422017183181e-01,        -1.619563696010e-04,        +1.508377395499e-04,        +2.761007349841e-04,        +1.414213562373e-01,        -1.321144665507e-04,        +5.043810214191e-05,        +1.405096175473e-01,        -3.811643253742e-03,        +1.508377395460e-04,        +2.761007349808e-04,        +1.421951005754e-01,        -1.394364445824e-04
 1.60000000e+01,        +1.414213562373e-01,        +1.421847240292e-01,        -2.684179950289e-04,        +1.894861781679e-04,        +3.710609101199e-04,        +1.403847985577e-01,        -5.527913426699e-03,        -1.430069517848e-04,        +8.530316093913e-05,        +1.414213562373e-01,        +1.894861781677e-04,        +3.710609101186e-04,        +1.421831126538e-01,        -2.360104896690e-04,        -1.431892490536e-04,        +8.530914200963e-05,        +1.403896649340e-01,        -5.476691341465e-03,        +1.414213562373e-01,        +1.403847985577e-01,        -5.527913426699e-03,        -1.431892490534e-04,        +8.530914201080e-05,        +1.422775730547e-01,        -2.791102768786e-04,        +1.658361719404e-04,        +3.865800260841e-04,        +1.414213562373e-01,        -1.430069517858e-04,        +8.530316093809e-05,        +1.403896649340e-01,        -5.476691341465e-03,        +1.658361719394e-04,        +3.865800260832e-04,        +1.422689412334e-01,        -2.450101370073e-04
 2.10000000e+01,        +1.414213562373e-01,        +1.421977085470e-01,        -3.996969766571e-04,        +2.184633449718e-04,        +4.713245012757e-04,        +1.402512148959e-01,        -7.190818678746e-03,        -1.502976712262e-04,        +1.245436457846e-04,        +1.414213562373e-01,        +2.184633449725e-04,        +4.713245012786e-04,        +1.421988054365e-01,        -3.563536179643e-04,        -1.505597968203e-04,        +1.245858927279e-04,        +1.402582817113e-01,        -7.124262526225e-03,        +1.414213562373e-01,        +1.402512148959e-01,        -7.190818678746e-03,        -1.505597968212e-04,        +1.245858927251e-04,        +1.423539964523e-01,        -4.177462823078e-04,        +1.786939869016e-04,        +4.937744645600e-04,        +1.414213562373e-01,        -1.502976712260e-04,        +1.245436457867e-04,        +1.402582817113e-01,        -7.124262526225e-03,        +1.786939869021e-04,        +4.937744645620e-04,        +1.423431453276e-01,        -3.718065746207e-04
 2.60000000e+01,        +1.414213562373e-01,        +1.421906161965e-01,        -5.417921074176e-04,        +2.491414403045e-04,        +5.690384485455e-04,        +1.401070474172e-01,        -8.842609583605e-03,        -1.538370663303e-04,        +1.657718741715e-04,        +1.414213562373e-01,        +2.491414403064e-04,        +5.690384485469e-04,        +1.421954728372e-01,        -4.875981470568e-04,        -1.542025258484e-04,        +1.658500554450e-04,        +1.401166072475e-01,        -8.760882768987e-03,        +1.414213562373e-01,        +1.401070474172e-01,        -8.842609583605e-03,        -1.542025258505e-04,        +1.658500554437e-04,        +1.424275390271e-01,        -5.695836116377e-04,        +1.895761209639e-04,        +5.994939564000e-04,        +1.414213562373e-01,        -1.538370663299e-04,        +1.657718741725e-04,        +1.401166072475e-01,        -8.760882768987e-03,        +1.895761209645e-04,        +5.994939564009e-04,        +1.424142557399e-01,        -5.116086131922e-04
 3.10000000e+01,        +1.414213562373e-01,        +1.421640473522e-01,        -6.885642457197e-04,        +2.821400541908e-04,        +6.652187590166e-04,        +1.399509730307e-01,        -1.048782028518e-02,        -1.542124846503e-04,        +2.077421884878e-04,        +1.414213562373e-01,        +2.821400541894e-04,        +6.652187590156e-04,        +1.421736656941e-01,        -6.236732651345e-04,        -1.547069484282e-04,        +2.078615073248e-04,        +1.399633397289e-01,        -1.039102202303e-02,        +1.414213562373e-01,        +1.399509730307e-01,        -1.048782028518e-02,        -1.547069484270e-04,        +2.078615073259e-04,        +1.424987625559e-01,        -7.293826821266e-04,        +1.991136585855e-04,        +7.047419777180e-04,        +1.414213562373e-01,        -1.542124846505e-04,        +2.077421884887e-04,        +1.399633397289e-01,        -1.039102202303e-02,        +1.991136585857e-04,        +7.047419777189e-04,        +1.424828047827e-01,        -6.592106041027e-04
 3.60000000e+01,        +1.414213562373e-01,        +1.421196626129e-01,        -8.365419893060e-04,        +3.180522552341e-04,        +7.602286640853e-04,        +1.397811422274e-01,        -1.212882913913e-02,        -1.520054310923e-04,        +2.499101226363e-04,        +1.414213562373e-01,        +3.180522552346e-04,        +7.602286640858e-04,        +1.421350070565e-01,        -7.611530712705e-04,        -1.526540206669e-04,        +2.500800402390e-04,        +1.397966541099e-01,        -1.201703325660e-02,        +1.414213562373e-01,        +1.397811422274e-01,        -1.212882913913e-02,        -1.526540206676e-04,        +2.500800402385e-04,        +1.425691498347e-01,        -8.944318357260e-04,        +2.078868608207e-04,        +8.099531142889e-04,        +1.414213562373e-01,        -1.520054310918e-04,        +2.499101226351e-04,        +1.397966541099e-01,        -1.201703325660e-02,        +2.078868608214e-04,        +8.099531142876e-04,        +1.425502509751e-01,        -8.119064867641e-04
 4.10000000e+01,        +1.414213562373e-01,        +1.420590177153e-01,        -9.838120201241e-04,        +3.572932189287e-04,        +8.541111747582e-04,        +1.395959857933e-01,        -1.376670044454e-02,        -1.476332810198e-04,        +2.920622155484e-04,        +1.414213562373e-01,        +3.572932189275e-04,        +8.541111747594e-04,        +1.420810267599e-01,        -8.981599926435e-04,        -1.484596799073e-04,        +2.922953238069e-04,        +1.396149983792e-01,        -1.363997301174e-02,        +1.414213562373e-01,        +1.395959857933e-01,        -1.376670044454e-02,        -1.484596799062e-04,        +2.922953238061e-04,        +1.426400405340e-01,        -1.063489682550e-03,        +2.163093577701e-04,        +9.152869568561e-04,        +1.414213562373e-01,        -1.476332810225e-04,        +2.920622155473e-04,        +1.396149983792e-01,        -1.363997301174e-02,        +2.163093577673e-04,        +9.152869568547e-04,        +1.426179205966e-01,        -9.684468905794e-04
 4.60000000e+01,        +1.414213562373e-01,        +1.419833133038e-01,        -1.129261507662e-03,        +4.001209702678e-04,        +9.467756639453e-04,        +1.393943566197e-01,        -1.540182117218e-02,        -1.413673888560e-04,        +3.341225078661e-04,        +1.414213562373e-01,        +4.001209702686e-04,        +9.467756639431e-04,        +1.420129070665e-01,        -1.033613957730e-03,        -1.423936253232e-04,        +3.344337775925e-04,        +1.394172361447e-01,        -1.526022744382e-02,        +1.414213562373e-01,        +1.393943566197e-01,        -1.540182117218e-02,        -1.423936253240e-04,        +3.344337775948e-04,        +1.427124104194e-01,        -1.236064742117e-03,        +2.246540750245e-04,        +1.020790251936e-03,        +1.414213562373e-01,        -1.413673888562e-04,        +3.341225078669e-04,        +1.394172361447e-01,        -1.526022744382e-02,        +2.246540750245e-04,        +1.020790251937e-03,        +1.426867846678e-01,        -1.128327493888e-03
 5.10000000e+01,        +1.414213562373e-01,        +1.418934267235e-01,        -1.272165633183e-03,        +4.466846859019e-04,        +1.038082801736e-03,        +1.391754606319e-01,        -1.703425625925e-02,        -1.333788161218e-04,        +3.760663156851e-04,        +1.414213562373e-01,        +4.466846859025e-04,        +1.038082801733e-03,        +1.419315109176e-01,        -1.166822528194e-03,        -1.346252653945e-04,        +3.764726233671e-04,        +1.392025799944e-01,        -1.687786310721e-02,        +1.414213562373e-01,        +1.391754606319e-01,        -1.703425625925e-02,        -1.346252653952e-04,        +3.764726233696e-04,        +1.427869099091e-01,        -1.412024284441e-03,        +2.330991187958e-04,        +1.126469406781e-03,        +1.414213562373e-01,        -1.333788161225e-04,        +3.760663156850e-04,        +1.392025799944e-01,        -1.687786310721e-02,        +2.330991187954e-04,        +1.126469406781e-03,        +1.427574944073e-01,        -1.291401651760e-03
 5.60000000e+01,        +1.414213562373e-01,        +1.417899991764e-01,        -1.411981954255e-03,        +4.970635398346e-04,        +1.127879462590e-03,        +1.389387557673e-01,        -1.866392549659e-02,        -1.237751622580e-04,        +4.178848931990e-04,        +1.414213562373e-01,        +4.970635398318e-04,        +1.127879462590e-03,        +1.418374668117e-01,        -1.297276012039e-03,        -1.252606018232e-04,        +4.184047225681e-04,        +1.389704923689e-01,        -1.849280215675e-02,        +1.414213562373e-01,        +1.389387557673e-01,        -1.866392549659e-02,        -1.252606018205e-04,        +4.184047225678e-04,        +1.428639511144e-01,        -1.591400340870e-03,        +2.417633711081e-04,        +1.232319584650e-03,        +1.414213562373e-01,        -1.237751622600e-04,        +4.178848931986e-04,        +1.389704923689e-01,        -1.849280215675e-02,        +2.417633711063e-04,        +1.232319584650e-03,        +1.428304660020e-01,        -1.457687761233e-03
 6.10000000e+01,        +1.414213562373e-01,        +1.416735132932e-01,        -1.548252361537e-03,        +5.512923448793e-04,        +1.216011716509e-03,        +1.386838690860e-01,        -2.029068627567e-02,        -1.126248483800e-04,        +4.595720822128e-04,        +1.414213562373e-01,        +5.512923448791e-04,        +1.216011716508e-03,        +1.417312450567e-01,        -1.424549468809e-03,        -1.143665095413e-04,        +4.602253304168e-04,        +1.387206038526e-01,        -2.010490457408e-02,        +1.414213562373e-01,        +1.386838690860e-01,        -2.029068627567e-02,        -1.143665095413e-04,        +4.602253304176e-04,        +1.429437834616e-01,        -1.774297996424e-03,        +2.507296124450e-04,        +1.338335131643e-03,        +1.414213562373e-01,        -1.126248483815e-04,        +4.595720822125e-04,        +1.387206038526e-01,        -2.010490457408e-02,        +2.507296124439e-04,        +1.338335131643e-03,        +1.429059548290e-01,        -1.627277892488e-03
 6.60000000e+01,        +1.414213562373e-01,        +1.415443494135e-01,        -1.680557826611e-03,        +6.093773073891e-04,        +1.302328852370e-03,        +1.384105385427e-01,        -2.191437030441e-02,        -9.997203276010e-05,        +5.011199375148e-04,        +1.414213562373e-01,        +6.093773073900e-04,        +1.302328852370e-03,        +1.416132133252e-01,        -1.548257288249e-03,        -1.019856320724e-04,        +5.019277823419e-04,        +1.384526556076e-01,        -2.171400480675e-02,        +1.414213562373e-01,        +1.384105385427e-01,        -2.191437030441e-02,        -1.019856320738e-04,        +5.019277823412e-04,        +1.430265477705e-01,        -1.960853562417e-03,        +2.600586007453e-04,        +1.444512543947e-03,        +1.414213562373e-01,        -9.997203276054e-05,        +5.011199375146e-04,        +1.384526556076e-01,        -2.171400480675e-02,        +2.600586007452e-04,        +1.444512543947e-03,        +1.429841087394e-01,        -1.800295930060e-03
 7.10000000e+01,        +1.414213562373e-01,        +1.414028233961e-01,        -1.808498242042e-03,        +6.713054219277e-04,        +1.386684020641e-03,        +1.381185746161e-01,        -2.353479882544e-02,        -8.584552072125e-05,        +5.425177723712e-04,        +1.414213562373e-01,        +6.713054219282e-04,        +1.386684020642e-03,        +1.414836740843e-01,        -1.668032825758e-03,        -8.814526941183e-05,        +5.435025738152e-04,        +1.381664613459e-01,        -2.331992705677e-02,        +1.414213562373e-01,        +1.381185746161e-01,        -2.353479882544e-02,        -8.814526941240e-05,        +5.435025738146e-04,        +1.431123120837e-01,        -2.151216196780e-03,        +2.697974299987e-04,        +1.550850721136e-03,        +1.414213562373e-01,        -8.584552072155e-05,        +5.425177723714e-04,        +1.381664613459e-01,        -2.331992705677e-02,        +2.697974299984e-04,        +1.550850721136e-03,        +1.430650034666e-01,        -1.976879059747e-03
 7.60000000e+01,        +1.414213562373e-01,        +1.412492111901e-01,        -1.931683874070e-03,        +7.370500121127e-04,        +1.468933798451e-03,        +1.378078357547e-01,        -2.515178823109e-02,        -7.026404759746e-05,        +5.837523414039e-04,        +1.414213562373e-01,        +7.370500121101e-04,        +1.468933798451e-03,        +1.413428889770e-01,        -1.783519675469e-03,        -7.286264208586e-05,        +5.849375612596e-04,        +1.378618829319e-01,        -2.492249099614e-02,        +1.414213562373e-01,        +1.378078357547e-01,        -2.515178823109e-02,        -7.286264208339e-05,        +5.849375612593e-04,        +1.432010945947e-01,        -2.345540176214e-03,        +2.799844624543e-04,        +1.657350414209e-03,        +1.414213562373e-01,        -7.026404759885e-05,        +5.837523414034e-04,        +1.378618829319e-01,        -2.492249099614e-02,        +2.799844624531e-04,        +1.657350414209e-03,        +1.431486653486e-01,        -2.157169907464e-03
 8.10000000e+01,        +1.414213562373e-01,        +1.410837646006e-01,        -2.049732013600e-03,        +8.065740018069e-04,        +1.548937565659e-03,        +1.374782128527e-01,        -2.676515164998e-02,        -5.323943194505e-05,        +6.248082752220e-04,        +1.414213562373e-01,        +8.065740018071e-04,        +1.548937565658e-03,        +1.411910945042e-01,        -1.894368180542e-03,        -5.614802983397e-05,        +6.262184046922e-04,        +1.375388149111e-01,        -2.652151344282e-02,        +1.414213562373e-01,        +1.374782128527e-01,        -2.676515164998e-02,        -5.614802983456e-05,        +6.262184046923e-04,        +1.432928781079e-01,        -2.543981793427e-03,        +2.906522600714e-04,        +1.764013578263e-03,        +1.414213562373e-01,        -5.323943194509e-05,        +6.248082752221e-04,        +1.375388149111e-01,        -2.652151344282e-02,        +2.906522600717e-04,        +1.764013578264e-03,        +1.432350857035e-01,        -2.341313335745e-03
 8.60000000e+01,        +1.414213562373e-01,        +1.409067214014e-01,        -2.162265839796e-03,        +8.798318696470e-04,        +1.626556989956e-03,        +1.371296194479e-01,        -2.837469902435e-02,        -3.477849610603e-05,        +6.656684622671e-04,        +1.414213562373e-01,        +8.798318696474e-04,        +1.626556989957e-03,        +1.410285121090e-01,        -2.000234192303e-03,        -3.800668202949e-05,        +6.673289515748e-04,        +1.371971747062e-01,        -2.811680850510e-02,        +1.414213562373e-01,        +1.371296194479e-01,        -2.837469902435e-02,        -3.800668202974e-05,        +6.673289515740e-04,        +1.433876191490e-01,        -2.746698124560e-03,        +3.018293620519e-04,        +1.870842851052e-03,        +1.414213562373e-01,        -3.477849610720e-05,        +6.656684622693e-04,        +1.371971747062e-01,        -2.811680850510e-02,        +3.018293620506e-04,        +1.870842851054e-03,        +1.433242299158e-01,        -2.529455147519e-03
 9.10000000e+01,        +1.414213562373e-01,        +1.407183118793e-01,        -2.268914149144e-03,        +9.567708455593e-04,        +1.701655684937e-03,        +1.367619854904e-01,        -2.998023675444e-02,        -1.488427813061e-05,        +7.063143038634e-04,        +1.414213562373e-01,        +9.567708455608e-04,        +1.701655684936e-03,        +1.408553547213e-01,        -2.100778723699e-03,        -1.844002326531e-05,        +7.082514903973e-04,        +1.368368963572e-01,        -2.970818727111e-02,        +1.414213562373e-01,        +1.367619854904e-01,        -2.998023675444e-02,        -1.844002326688e-05,        +7.082514903980e-04,        +1.434852537594e-01,        -2.953846461858e-03,        +3.135413998417e-04,        +1.977841192007e-03,        +1.414213562373e-01,        -1.488427813088e-05,        +7.063143038627e-04,        +1.368368963572e-01,        -2.970818727111e-02,        +3.135413998414e-04,        +1.977841192007e-03,        +1.434160432387e-01,        -2.721741486874e-03
 9.60000000e+01,        +1.414213562373e-01,        +1.405187631405e-01,        -2.369311372064e-03,        +1.037331671326e-03,        +1.774099022411e-03,        +1.363752533266e-01,        -3.158156732579e-02,        +6.443163595782e-06,        +7.467258509513e-04,        +1.414213562373e-01,        +1.037331671326e-03,        +1.774099022410e-03,        +1.406718310766e-01,        -2.195667911593e-03,        +2.553545028122e-06,        +7.489668841629e-04,        +1.364579264648e-01,        -3.129545746375e-02,        +1.414213562373e-01,        +1.363752533266e-01,        -3.158156732579e-02,        +2.553545027821e-06,        +7.489668841633e-04,        +1.435857012605e-01,        -3.165583922429e-03,        +3.258118306586e-04,        +2.085011654536e-03,        +1.414213562373e-01,        +6.443163595653e-06,        +7.467258509510e-04,        +1.364579264648e-01,        -3.129545746375e-02,        +3.258118306588e-04,        +2.085011654536e-03,        +1.435104545756e-01,        -2.918318439927e-03
 1.01000000e+02,        +1.414213562373e-01,        +1.403083020099e-01,        -2.463097650607e-03,        +1.121449108429e-03,        +1.843754059226e-03,        +1.359693750602e-01,        -3.317848904660e-02,        +2.920618152358e-05,        +7.868818532513e-04,        +1.414213562373e-01,        +1.121449108429e-03,        +1.843754059226e-03,        +1.404781486344e-01,        -2.284573055111e-03,        +2.497807609452e-05,        +7.894546156190e-04,        +1.360602215066e-01,        -3.287842319245e-02,        +1.414213562373e-01,        +1.359693750602e-01,        -3.317848904660e-02,        +2.497807609393e-05,        +7.894546156187e-04,        +1.436888667734e-01,        -3.382067061449e-03,        +3.386624487230e-04,        +2.192357251796e-03,        +1.414213562373e-01,        +2.920618152374e-05,        +7.868818532504e-04,        +1.360602215066e-01,        -3.287842319245e-02,        +3.386624487233e-04,        +2.192357251796e-03,        +1.436073790205e-01,        -3.119331656796e-03
 1.06000000e+02,        +1.414213562373e-01,        +1.400871570403e-01,        -2.549918904222e-03,        +1.209052296116e-03,        +1.910489541015e-03,        +1.355443107763e-01,        -3.477079590661e-02,        +5.340910880310e-05,        +8.267597514178e-04,        +1.414213562373e-01,        +1.209052296117e-03,        +1.910489541015e-03,        +1.402745156068e-01,        -2.367170652238e-03,        +4.883964585444e-05,        +8.296927756817e-04,        +1.356437460181e-01,        -3.445688481725e-02,        +1.414213562373e-01,        +1.355443107763e-01,        -3.477079590661e-02,        +4.883964585350e-05,        +8.296927756817e-04,        +1.437946429744e-01,        -3.603451449339e-03,        +3.521137636862e-04,        +2.299880880645e-03,        +1.414213562373e-01,        +5.340910880451e-05,        +8.267597514181e-04,        +1.356437460181e-01,        -3.445688481725e-02,        +3.521137636878e-04,        +2.299880880646e-03,        +1.437067196303e-01,        -3.324925948154e-03
 1.11000000e+02,        +1.414213562373e-01,        +1.398555599493e-01,        -2.629426872620e-03,        +1.300065016930e-03,        +1.974175954395e-03,        +1.351000273183e-01,        -3.635827753057e-02,        +7.905791262333e-05,        +8.663356359234e-04,        +1.414213562373e-01,        +1.300065016931e-03,        +1.974175954396e-03,        +1.400611424142e-01,        -2.443142420415e-03,        +7.414600280332e-05,        +8.696580194488e-04,        +1.352084713284e-01,        -3.603063890138e-02,        +1.414213562373e-01,        +1.351000273183e-01,        -3.635827753057e-02,        +7.414600280256e-05,        +8.696580194485e-04,        +1.439029113737e-01,        -3.829891219526e-03,        +3.661852962498e-04,        +2.407585277111e-03,        +1.414213562373e-01,        +7.905791262358e-05,        +8.663356359239e-04,        +1.352084713284e-01,        -3.603063890138e-02,        +3.661852962503e-04,        +2.407585277111e-03,        +1.438083687150e-01,        -3.535244858314e-03
 1.16000000e+02,        +1.414213562373e-01,        +1.396137466814e-01,        -2.701279146300e-03,        +1.394405901482e-03,        +2.034685609001e-03,        +1.346364974265e-01,        -3.794071919346e-02,        +1.061598989116e-04,        +9.055841892575e-04,        +1.414213562373e-01,        +1.394405901481e-03,        +2.034685609002e-03,        +1.398382427633e-01,        -2.512175309395e-03,        +1.009062683460e-04,        +9.093255069146e-04,        +1.347543746618e-01,        -3.759947822162e-02,        +1.414213562373e-01,        +1.346364974265e-01,        -3.794071919346e-02,        +1.009062683469e-04,        +9.093255069141e-04,        +1.440135432887e-01,        -4.061538604855e-03,        +3.808958185707e-04,        +2.515472984887e-03,        +1.414213562373e-01,        +1.061598989123e-04,        +9.055841892570e-04,        +1.347543746618e-01,        -3.759947822162e-02,        +3.808958185718e-04,        +2.515472984887e-03,        +1.439122088179e-01,        -3.750430229250e-03
 1.21000000e+02,        +1.414213562373e-01,        +1.393619582162e-01,        -2.765139200216e-03,        +1.491988590922e-03,        +2.091892739009e-03,        +1.341536991249e-01,        -3.951790187060e-02,        +1.347234488456e-04,        +9.444786227625e-04,        +1.414213562373e-01,        +1.491988590922e-03,        +2.091892739010e-03,        +1.396060344699e-01,        -2.573961520185e-03,        +1.291306689175e-04,        +9.486688400554e-04,        +1.342814384904e-01,        -3.916319181143e-02,        +1.414213562373e-01,        +1.341536991249e-01,        -3.951790187060e-02,        +1.291306689174e-04,        +9.486688400539e-04,        +1.441264006185e-01,        -4.298543478850e-03,        +3.962635541694e-04,        +2.623546324848e-03,        +1.414213562373e-01,        +1.347234488465e-04,        +9.444786227623e-04,        +1.342814384904e-01,        -3.916319181143e-02,        +3.962635541703e-04,        +2.623546324848e-03,        +1.440181134906e-01,        -3.970621769007e-03
 1.26000000e+02,        +1.414213562373e-01,        +1.391004411999e-01,        -2.820676444629e-03,        +1.592721869518e-03,        +2.145673619759e-03,        +1.336516152845e-01,        -4.108960230486e-02,        +1.647577747279e-04,        +9.829906165042e-04,        +1.414213562373e-01,        +1.592721869518e-03,        +2.145673619758e-03,        +1.393647401001e-01,        -2.628198542630e-03,        +1.588302884986e-04,        +9.876600046045e-04,        +1.337896500680e-01,        -4.072156502088e-02,        +1.414213562373e-01,        +1.336516152845e-01,        -4.108960230486e-02,        +1.588302884984e-04,        +9.876600046058e-04,        +1.442413364832e-01,        -4.541052912879e-03,        +4.123063444329e-04,        +2.731807358594e-03,        +1.414213562373e-01,        +1.647577747293e-04,        +9.829906165037e-04,        +1.337896500680e-01,        -4.072156502088e-02,        +4.123063444345e-04,        +2.731807358594e-03,        +1.441259479307e-01,        -4.195956633633e-03
 1.31000000e+02,        +1.414213562373e-01,        +1.388294484435e-01,        -2.867566303426e-03,        +1.696509778038e-03,        +2.195906698120e-03,        +1.331302333175e-01,        -4.265559308201e-02,        +1.962726876569e-04,        +1.021090269519e-03,        +1.414213562373e-01,        +1.696509778038e-03,        +2.195906698119e-03,        +1.391145874739e-01,        -2.674589220074e-03,        +1.900168351059e-04,        +1.026269323234e-03,        +1.332790010990e-01,        -4.227437958584e-02,        +1.414213562373e-01,        +1.331302333175e-01,        -4.265559308201e-02,        +1.900168351054e-04,        +1.026269323234e-03,        +1.443581957692e-01,        -4.789210755822e-03,        +4.290417842888e-04,        +2.840257843280e-03,        +1.414213562373e-01,        +1.962726876572e-04,        +1.021090269518e-03,        +1.332790010990e-01,        -4.227437958584e-02,        +4.290417842890e-04,        +2.840257843279e-03,        +1.442355695236e-01,        -4.426569028169e-03
 1.36000000e+02,        +1.414213562373e-01,        +1.385492393145e-01,        -2.905490324860e-03,        +1.803251718802e-03,        +2.242472735120e-03,        +1.325895449734e-01,        -4.421564271167e-02,        +2.292783740371e-04,        +1.058746067376e-03,        +1.414213562373e-01,        +1.803251718801e-03,        +2.242472735119e-03,        +1.388558100593e-01,        -2.712841843884e-03,        +2.227024189955e-04,        +1.064465425668e-03,        +1.327494875095e-01,        -4.382141370539e-02,        +1.414213562373e-01,        +1.325895449734e-01,        -4.421564271167e-02,        +2.227024189961e-04,        +1.064465425669e-03,        +1.444768156105e-01,        -5.043157240254e-03,        +4.464873274880e-04,        +2.948899178832e-03,        +1.414213562373e-01,        +2.292783740368e-04,        +1.058746067376e-03,        +1.327494875095e-01,        -4.382141370539e-02,        +4.464873274879e-04,        +2.948899178832e-03,        +1.443468283201e-01,        -4.662589831091e-03
 1.41000000e+02,        +1.414213562373e-01,        +1.382600800360e-01,        -2.934136323192e-03,        +1.912842562827e-03,        +2.285254956437e-03,        +1.320295462101e-01,        -4.576951571490e-02,        +2.637851828398e-04,        +1.095924872673e-03,        +1.414213562373e-01,        +1.912842562828e-03,        +2.285254956437e-03,        +1.385886472692e-01,        -2.742670273920e-03,        +2.568993444088e-04,        +1.102215239569e-03,        +1.322011092953e-01,        -4.536244212943e-02,        +1.414213562373e-01,        +1.320295462101e-01,        -4.576951571490e-02,        +2.568993444071e-04,        +1.102215239570e-03,        +1.445970258219e-01,        -5.303028618241e-03,        +4.646603620845e-04,        +3.057732352053e-03,        +1.414213562373e-01,        +2.637851828400e-04,        +1.095924872674e-03,        +1.322011092953e-01,        -4.536244212943e-02,        +4.646603620847e-04,        +3.057732352054e-03,        +1.444595674709e-01,        -4.904146246963e-03
 1.46000000e+02,        +1.414213562373e-01,        +1.379622439031e-01,        -2.953198543054e-03,        +2.025172766456e-03,        +2.324139202204e-03,        +1.314502371203e-01,        -4.731697271920e-02,        +2.998034297303e-04,        +1.132591940517e-03,        +1.414213562373e-01,        +2.025172766455e-03,        +2.324139202203e-03,        +1.383133446761e-01,        -2.763794075016e-03,        +2.926199195880e-04,        +1.139484002462e-03,        +1.316338704225e-01,        -4.689723625688e-02,        +1.414213562373e-01,        +1.314502371203e-01,        -4.731697271920e-02,        +2.926199195880e-04,        +1.139484002463e-03,        +1.447186492969e-01,        -5.568956829294e-03,        +4.835782589628e-04,        +3.166757884051e-03,        +1.414213562373e-01,        +2.998034297299e-04,        +1.132591940518e-03,        +1.316338704225e-01,        -4.689723625688e-02,        +4.835782589625e-04,        +3.166757884052e-03,        +1.445736236273e-01,        -5.151361492663e-03
 1.51000000e+02,        +1.414213562373e-01,        +1.376560114252e-01,        -2.962377833950e-03,        +2.140128498690e-03,        +2.359014065106e-03,        +1.308516218945e-01,        -4.885777055918e-02,        +3.373432257439e-04,        +1.168710955434e-03,        +1.414213562373e-01,        +2.140128498688e-03,        +2.359014065106e-03,        +1.380301541548e-01,        -2.775938656712e-03,        +3.298762904426e-04,        +1.176235290440e-03,        +1.310477787612e-01,        -4.842556424117e-02,        +1.414213562373e-01,        +1.308516218945e-01,        -4.885777055918e-02,        +3.298762904443e-04,        +1.176235290440e-03,        +1.448415023756e-01,        -5.841069201642e-03,        +5.032583996108e-04,        +3.275975786995e-03,        +1.414213562373e-01,        +3.373432257432e-04,        +1.168710955434e-03,        +1.310477787612e-01,        -4.842556424117e-02,        +5.032583996106e-04,        +3.275975786995e-03,        +1.446888273147e-01,        -5.404354521201e-03
 1.56000000e+02,        +1.414213562373e-01,        +1.373416704108e-01,        -2.961381822461e-03,        +2.257591773068e-03,        +2.389771007528e-03,        +1.302337088087e-01,        -5.039166237721e-02,        +3.764143356736e-04,        +1.204244080504e-03,        +1.414213562373e-01,        +2.257591773068e-03,        +2.389771007527e-03,        +1.377393339743e-01,        -2.778835405616e-03,        +3.686803003552e-04,        +1.212431055277e-03,        +1.304428460382e-01,        -4.994719109450e-02,        +1.414213562373e-01,        +1.302337088087e-01,        -5.039166237721e-02,        +3.686803003548e-04,        +1.212431055278e-03,        +1.449653951833e-01,        -6.119488185141e-03,        +5.237181918195e-04,        +3.385385532949e-03,        +1.414213562373e-01,        +3.764143356734e-04,        +1.204244080503e-03,        +1.304428460382e-01,        -4.994719109450e-02,        +5.237181918201e-04,        +3.385385532949e-03,        +1.448050032762e-01,        -5.663239783009e-03
 1.61000000e+02,        +1.414213562373e-01,        +1.370195160120e-01,        -2.949925075109e-03,        +2.377440572957e-03,        +2.416304454713e-03,        +1.295965102281e-01,        -5.191839771703e-02,        +4.170260653778e-04,        +1.239152006823e-03,        +1.414213562373e-01,        +2.377440572958e-03,        +2.416304454713e-03,        +1.374411488553e-01,        -2.772221806733e-03,        +4.090433737167e-04,        +1.248031660419e-03,        +1.298190878021e-01,        -5.146187878140e-02,        +1.414213562373e-01,        +1.295965102281e-01,        -5.191839771703e-02,        +4.090433737163e-04,        +1.248031660419e-03,        +1.450901319401e-01,        -6.404331110755e-03,        +5.449750818494e-04,        +3.494986032958e-03,        +1.414213562373e-01,        +4.170260653781e-04,        +1.239152006824e-03,        +1.298190878021e-01,        -5.146187878140e-02,        +5.449750818496e-04,        +3.494986032959e-03,        +1.449219707820e-01,        -5.928127018975e-03
 1.66000000e+02,        +1.414213562373e-01,        +1.366898507465e-01,        -2.927729252754e-03,        +2.499548959356e-03,        +2.438511868926e-03,        +1.289400426285e-01,        -5.343772260475e-02,        +4.591871707822e-04,        +1.273393993424e-03,        +1.414213562373e-01,        +2.499548959356e-03,        +2.438511868926e-03,        +1.371358700139e-01,        -2.755841558126e-03,        +4.509764160002e-04,        +1.282995908783e-03,        +1.291765234050e-01,        -5.296938629434e-02,        +1.414213562373e-01,        +1.289400426285e-01,        -5.343772260475e-02,        +4.509764160000e-04,        +1.282995908783e-03,        +1.452155112442e-01,        -6.695709969082e-03,        +5.670465684564e-04,        +3.604775620858e-03,        +1.414213562373e-01,        +4.591871707827e-04,        +1.273393993424e-03,        +1.291765234050e-01,        -5.296938629434e-02,        +5.670465684571e-04,        +3.604775620859e-03,        +1.450395439056e-01,        -6.199121075047e-03
 1.71000000e+02,        +1.414213562373e-01,        +1.363529845092e-01,        -2.894523263831e-03,        +2.623787155473e-03,        +2.456293815236e-03,        +1.282643266372e-01,        -5.494937961653e-02,        +5.029057777798e-04,        +1.306927893433e-03,        +1.414213562373e-01,        +2.623787155472e-03,        +2.456293815236e-03,        +1.368237751980e-01,        -2.729444688571e-03,        +4.944897211414e-04,        +1.317281060399e-03,        +1.285151760039e-01,        -5.446946971077e-02,        +1.414213562373e-01,        +1.282643266372e-01,        -5.494937961653e-02,        +4.944897211417e-04,        +1.317281060400e-03,        +1.453413263308e-01,        -6.993731200374e-03,        +5.899502196060e-04,        +3.714752035392e-03,        +1.414213562373e-01,        +5.029057777795e-04,        +1.306927893433e-03,        +1.285151760039e-01,        -5.446946971077e-02,        +5.899502196059e-04,        +3.714752035392e-03,        +1.451575317692e-01,        -6.476321727384e-03
 1.76000000e+02,        +1.414213562373e-01,        +1.360092345781e-01,        -2.850043425830e-03,        +2.750021609378e-03,        +2.469554030400e-03,        +1.275693870983e-01,        -5.645310793625e-02,        +5.481893029942e-04,        +1.339710168461e-03,        +1.414213562373e-01,        +2.750021609378e-03,        +2.469554030399e-03,        +1.365051487203e-01,        -2.692787687964e-03,        +5.395928785594e-04,        +1.350842842633e-03,        +1.278350725894e-01,        -5.596188223613e-02,        +1.414213562373e-01,        +1.275693870983e-01,        -5.645310793625e-02,        +5.395928785592e-04,        +1.350842842634e-03,        +1.454673653156e-01,        -7.298495490554e-03,        +6.137036889409e-04,        +3.824912396117e-03,        +1.414213562373e-01,        +5.481893029938e-04,        +1.339710168460e-03,        +1.278350725894e-01,        -5.596188223613e-02,        +6.137036889409e-04,        +3.824912396116e-03,        +1.452757387668e-01,        -6.759823509744e-03
 1.81000000e+02,        +1.414213562373e-01,        +1.356589256128e-01,        -2.794033642083e-03,        +2.878115041353e-03,        +2.478199502931e-03,        +1.268552531619e-01,        -5.794864340954e-02,        +5.950443692811e-04,        +1.371695897169e-03,        +1.414213562373e-01,        +2.878115041353e-03,        +2.478199502931e-03,        +1.361802814819e-01,        -2.645633656449e-03,        +5.862946757436e-04,        +1.383635458399e-03,        +1.271362440413e-01,        -5.744637424128e-02,        +1.414213562373e-01,        +1.268552531619e-01,        -5.794864340954e-02,        +5.862946757442e-04,        +1.383635458400e-03,        +1.455934114287e-01,        -7.610097570808e-03,        +6.383247276282e-04,        +3.935253171905e-03,        +1.414213562373e-01,        +5.950443692804e-04,        +1.371695897168e-03,        +1.271362440413e-01,        -5.744637424128e-02,        +6.383247276279e-04,        +3.935253171904e-03,        +1.453939647747e-01,        -7.049715539442e-03
 1.86000000e+02,        +1.414213562373e-01,        +1.353023896401e-01,        -2.726245596530e-03,        +3.007926484339e-03,        +2.482140567426e-03,        +1.261219583955e-01,        -5.943571860067e-02,        +6.434767144280e-04,        +1.402838784657e-03,        +1.414213562373e-01,        +3.007926484338e-03,        +2.482140567426e-03,        +1.358494709832e-01,        -2.587752473097e-03,        +6.346029960776e-04,        +1.415611597643e-03,        +1.264187252099e-01,        -5.892269330216e-02,        +1.414213562373e-01,        +1.261219583955e-01,        -5.943571860067e-02,        +6.346029960780e-04,        +1.415611597643e-03,        +1.457192432440e-01,        -7.928626020891e-03,        +6.638311879298e-04,        +4.045770143661e-03,        +1.414213562373e-01,        +6.434767144271e-04,        +1.402838784656e-03,        +1.264187252099e-01,        -5.892269330216e-02,        +6.638311879290e-04,        +4.045770143661e-03,        +1.455120053572e-01,        -7.346081342231e-03
 1.91000000e+02,        +1.414213562373e-01,        +1.349399660228e-01,        -2.646438965104e-03,        +3.139311324746e-03,        +2.481291011969e-03,        +1.253695409136e-01,        -6.091406285695e-02,        +6.934910948278e-04,        +1.433091177657e-03,        +1.414213562373e-01,        +3.139311324746e-03,        +2.481291011969e-03,        +1.355130213149e-01,        -2.518920981115e-03,        +6.845247139010e-04,        +1.446722455688e-03,        +1.256825550167e-01,        -6.039058424722e-02,        +1.414213562373e-01,        +1.253695409136e-01,        -6.091406285695e-02,        +6.845247139009e-04,        +1.446722455688e-03,        +1.458446349091e-01,        -8.254163077647e-03,        +6.902410166880e-04,        +4.156458364315e-03,        +1.414213562373e-01,        +6.934910948272e-04,        +1.433091177657e-03,        +1.256825550167e-01,        -6.039058424722e-02,        +6.902410166876e-04,        +4.156458364314e-03,        +1.456296519729e-01,        -7.648998678775e-03
 1.96000000e+02,        +1.414213562373e-01,        +1.345720014086e-01,        -2.554381640015e-03,        +3.272121348266e-03,        +2.475568195213e-03,        +1.245980435199e-01,        -6.238340238336e-02,        +7.450911872979e-04,        +1.462404088085e-03,        +1.414213562373e-01,        +3.272121348266e-03,        +2.475568195213e-03,        +1.351712431292e-01,        -2.438923184844e-03,        +7.360655896291e-04,        +1.476917759916e-03,        +1.249277765687e-01,        -6.184978921560e-02,        +1.414213562373e-01,        +1.245980435199e-01,        -6.238340238336e-02,        +7.360655896289e-04,        +1.476917759915e-03,        +1.459693563769e-01,        -8.586784450501e-03,        +7.175722387279e-04,        +4.267312119215e-03,        +1.414213562373e-01,        +7.450911872985e-04,        +1.462404088086e-03,        +1.249277765687e-01,        -6.184978921560e-02,        +7.175722387286e-04,        +4.267312119216e-03,        +1.457466921840e-01,        -7.958539375801e-03
 2.01000000e+02,        +1.414213562373e-01,        +1.341988496575e-01,        -2.449849962646e-03,        +3.406204792742e-03,        +2.464893169291e-03,        +1.238075138582e-01,        -6.384346032822e-02,        +7.982794921275e-04,        +1.490727225402e-03,        +1.414213562373e-01,        +3.406204792742e-03,        +2.464893169291e-03,        +1.348244535896e-01,        -2.347550453808e-03,        +7.892301673603e-04,        +1.506145804655e-03,        +1.241544372822e-01,        -6.330004772640e-02,        +1.414213562373e-01,        +1.238075138582e-01,        -6.384346032822e-02,        +7.892301673603e-04,        +1.506145804656e-03,        +1.460931736394e-01,        -8.926559145239e-03,        +7.458429313581e-04,        +4.378324889302e-03,        +1.414213562373e-01,        +7.982794921268e-04,        +1.490727225403e-03,        +1.241544372822e-01,        -6.330004772640e-02,        +7.458429313574e-04,        +4.378324889302e-03,        +1.458629098693e-01,        -8.274769164417e-03
 2.06000000e+02,        +1.414213562373e-01,        +1.338208717499e-01,        -2.332628961240e-03,        +3.541406408408e-03,        +2.449190805345e-03,        +1.229980045685e-01,        -6.529395687969e-02,        +8.530572396117e-04,        +1.518009037004e-03,        +1.414213562373e-01,        +3.541406408408e-03,        +2.449190805345e-03,        +1.344729763026e-01,        -2.244601730116e-03,        +8.440216766039e-04,        +1.534353493348e-03,        +1.233625890102e-01,        -6.474109675854e-02,        +1.414213562373e-01,        +1.229980045685e-01,        -6.529395687969e-02,        +8.440216766031e-04,        +1.534353493348e-03,        +1.462158489646e-01,        -9.273549296798e-03,        +7.750711916112e-04,        +4.489489318477e-03,        +1.414213562373e-01,        +8.530572396111e-04,        +1.518009037004e-03,        +1.233625890102e-01,        -6.474109675854e-02,        +7.750711916108e-04,        +4.489489318476e-03,        +1.459780854406e-01,        -8.597747527033e-03
 2.11000000e+02,        +1.414213562373e-01,        +1.334384356759e-01,        -2.202512590556e-03,        +3.677567524844e-03,        +2.428389919445e-03,        +1.221695734452e-01,        -6.673460937241e-02,        +9.094243013984e-04,        +1.544196755372e-03,        +1.414213562373e-01,        +3.677567524843e-03,        +2.428389919445e-03,        +1.341171412321e-01,        -2.129883736691e-03,        +9.004419389785e-04,        +1.561486386758e-03,        +1.225522881728e-01,        -6.617267083994e-02,        +1.414213562373e-01,        +1.221695734452e-01,        -6.673460937241e-02,        +9.004419389788e-04,        +1.561486386758e-03,        +1.463371411360e-01,        -9.627810011321e-03,        +8.052750978463e-04,        +4.600797185853e-03,        +1.414213562373e-01,        +9.094243013982e-04,        +1.544196755372e-03,        +1.225522881728e-01,        -6.617267083994e-02,        +8.052750978461e-04,        +4.600797185854e-03,        +1.460919960618e-01,        -8.927527553497e-03
 2.16000000e+02,        +1.414213562373e-01,        +1.330519163082e-01,        -2.059303971505e-03,        +3.814526123713e-03,        +2.402423397546e-03,        +1.213222835963e-01,        -6.816513240356e-02,        +9.673791072338e-04,        +1.569236450689e-03,        +1.414213562373e-01,        +3.814526123714e-03,        +2.402423397546e-03,        +1.337572846001e-01,        -2.003211184791e-03,        +9.584912801878e-04,        +1.587488756179e-03,        +1.217235958882e-01,        -6.759450214497e-02,        +1.414213562373e-01,        +1.213222835963e-01,        -6.816513240356e-02,        +9.584912801872e-04,        +1.587488756178e-03,        +1.464568056942e-01,        -9.989389217436e-03,        +8.364726670443e-04,        +4.712239382989e-03,        +1.414213562373e-01,        +9.673791072338e-04,        +1.569236450689e-03,        +1.217235958882e-01,        -6.759450214497e-02,        +8.364726670444e-04,        +4.712239382989e-03,        +1.462044158709e-01,        -9.264155806483e-03
 2.21000000e+02,        +1.414213562373e-01,        +1.326616952594e-01,        -1.902815629544e-03,        +3.952116916410e-03,        +2.371228318763e-03,        +1.204562036027e-01,        -6.958523795774e-02,        +1.026918567247e-03,        +1.593073087905e-03,        +1.414213562373e-01,        +3.952116916409e-03,        +2.371228318762e-03,        +1.333937487734e-01,        -1.864406979970e-03,        +1.018168447222e-03,        +1.612303640790e-03,        +1.208765781026e-01,        -6.900632059928e-02,        +1.414213562373e-01,        +1.204562036027e-01,        -6.958523795774e-02,        +1.018168447222e-03,        +1.612303640790e-03,        +1.465745951814e-01,        -1.035832752658e-02,        +8.686818088094e-04,        +4.823805896013e-03,        +1.414213562373e-01,        +1.026918567245e-03,        +1.593073087906e-03,        +1.208765781026e-01,        -6.900632059928e-02,        +8.686818088081e-04,        +4.823805896014e-03,        +1.463151162033e-01,        -9.607672195885e-03
 2.26000000e+02,        +1.414213562373e-01,        +1.322681607267e-01,        -1.732869730970e-03,        +4.090171425925e-03,        +2.334746076607e-03,        +1.195714076750e-01,        -7.099463554025e-02,        +1.088037999686e-03,        +1.615650587465e-03,        +1.414213562373e-01,        +4.090171425925e-03,        +2.334746076607e-03,        +1.330268821402e-01,        -1.713302425997e-03,        +1.079470530706e-03,        +1.635872908592e-03,        +1.200113057188e-01,        -7.040785399151e-02,        +1.414213562373e-01,        +1.195714076750e-01,        -7.099463554025e-02,        +1.079470530706e-03,        +1.635872908592e-03,        +1.466902593888e-01,        -1.073465810226e-02,        +9.019202767953e-04,        +4.935485792429e-03,        +1.414213562373e-01,        +1.088037999686e-03,        +1.615650587466e-03,        +1.200113057188e-01,        -7.040785399151e-02,        +9.019202767956e-04,        +4.935485792430e-03,        +1.464238658173e-01,        -9.958109861963e-03
 2.31000000e+02,        +1.414213562373e-01,        +1.318717073229e-01,        -1.549298316541e-03,        +4.228518072450e-03,        +2.292922497986e-03,        +1.186679758096e-01,        -7.239303231851e-02,        +1.150731063982e-03,        +1.636911889160e-03,        +1.414213562373e-01,        +4.228518072450e-03,        +2.292922497986e-03,        +1.326570389762e-01,        -1.549737426426e-03,        +1.142392892227e-03,        +1.658137320516e-03,        +1.191278547241e-01,        -7.179882809133e-02,        +1.414213562373e-01,        +1.186679758096e-01,        -7.239303231851e-02,        +1.142392892227e-03,        +1.658137320516e-03,        +1.468035456063e-01,        -1.111840653811e-02,        +9.362056180570e-04,        +5.047267212399e-03,        +1.414213562373e-01,        +1.150731063982e-03,        +1.636911889160e-03,        +1.191278547241e-01,        -7.179882809133e-02,        +9.362056180573e-04,        +5.047267212398e-03,        +1.465304311215e-01,        -1.031549506694e-02
 2.36000000e+02,        +1.414213562373e-01,        +1.314727358973e-01,        -1.351943531946e-03,        +4.366982262370e-03,        +2.245707959823e-03,        +1.177459939408e-01,        -7.378013327142e-02,        +1.214989699014e-03,        +1.656799018736e-03,        +1.414213562373e-01,        +4.366982262370e-03,        +2.245707959824e-03,        +1.322845793008e-01,        -1.373560683567e-03,        +1.206929096608e-03,        +1.679036597441e-03,        +1.182263063141e-01,        -7.317896677387e-02,        +1.414213562373e-01,        +1.177459939408e-01,        -7.378013327142e-02,        +1.206929096608e-03,        +1.679036597440e-03,        +1.469141988763e-01,        -1.150959074484e-02,        +9.715551207018e-04,        +5.159137364370e-03,        +1.414213562373e-01,        +1.214989699015e-03,        +1.656799018737e-03,        +1.182263063141e-01,        -7.317896677387e-02,        +9.715551207026e-04,        +5.159137364370e-03,        +1.466345764048e-01,        -1.067984709499e-02
 2.41000000e+02,        +1.414213562373e-01,        +1.310716533439e-01,        -1.140657854669e-03,        +4.505386480403e-03,        +2.193057503132e-03,        +1.168055540900e-01,        -7.515564134652e-02,        +1.280804066560e-03,        +1.675253156966e-03,        +1.414213562373e-01,        +4.505386480404e-03,        +2.193057503132e-03,        +1.319098687258e-01,        -1.184629894597e-03,        +1.273070849150e-03,        +1.698509489893e-03,        +1.173067470152e-01,        -7.454799215014e-02,        +1.414213562373e-01,        +1.168055540900e-01,        -7.515564134652e-02,        +1.273070849150e-03,        +1.698509489894e-03,        +1.470219622496e-01,        -1.190822084614e-02,        +1.007985760111e-03,        +5.271082524957e-03,        +1.414213562373e-01,        +1.280804066560e-03,        +1.675253156967e-03,        +1.173067470152e-01,        -7.454799215014e-02,        +1.007985760110e-03,        +5.271082524958e-03,        +1.467360640680e-01,        -1.105117816045e-02
 2.46000000e+02,        +1.414213562373e-01,        +1.306688724013e-01,        -9.153043167930e-04,        +4.643550384648e-03,        +2.134930944333e-03,        +1.158467545109e-01,        -7.651925762492e-02,        +1.348162499939e-03,        +1.692214710948e-03,        +1.414213562373e-01,        +4.643550384648e-03,        +2.134930944333e-03,        +1.315332782950e-01,        -9.828119445124e-04,        +1.340807937917e-03,        +1.716493850228e-03,        +1.163692688025e-01,        -7.590562470345e-02,        +1.414213562373e-01,        +1.158467545109e-01,        -7.651925762492e-02,        +1.340807937918e-03,        +1.716493850229e-03,        +1.471265770453e-01,        -1.231429908370e-02,        +1.045514143972e-03,        +5.383088043067e-03,        +1.414213562373e-01,        +1.348162499940e-03,        +1.692214710948e-03,        +1.163692688025e-01,        -7.590562470345e-02,        +1.045514143972e-03,        +5.383088043067e-03,        +1.468346548580e-01,        -1.142949332451e-02
 2.51000000e+02,        +1.414213562373e-01,        +1.302648114411e-01,        -6.757567232796e-04,        +4.781290904321e-03,        +2.071292983566e-03,        +1.148696998290e-01,        -7.787068149375e-02,        +1.417051457970e-03,        +1.707623387391e-03,        +1.414213562373e-01,        +4.781290904322e-03,        +2.071292983566e-03,        +1.311551843169e-01,        -7.679830956217e-04,        +1.410128181253e-03,        +1.732926707021e-03,        +1.154139692141e-01,        -7.725158343179e-02,        +1.414213562373e-01,        +1.148696998290e-01,        -7.787068149375e-02,        +1.410128181253e-03,        +1.732926707021e-03,        +1.472277831143e-01,        -1.272781973169e-02,        +1.084156456331e-03,        +5.495138348283e-03,        +1.414213562373e-01,        +1.417051457971e-03,        +1.707623387391e-03,        +1.154139692141e-01,        -7.725158343179e-02,        +1.084156456332e-03,        +5.495138348283e-03,        +1.469301081047e-01,        -1.181479042029e-02
 2.56000000e+02,        +1.414213562373e-01,        +1.298598942486e-01,        -4.218998652208e-04,        +4.918422339878e-03,        +2.002113309686e-03,        +1.138745011758e-01,        -7.920961082605e-02,        +1.487455484366e-03,        +1.721418267616e-03,        +1.414213562373e-01,        +4.918422339878e-03,        +2.002113309686e-03,        +1.307759681904e-01,        -5.400291732283e-04,        +1.481017380692e-03,        +1.747744341425e-03,        +1.144409514608e-01,        -7.858558599583e-02,        +1.414213562373e-01,        +1.138745011758e-01,        -7.920961082605e-02,        +1.481017380693e-03,        +1.747744341426e-03,        +1.473253191054e-01,        -1.314876902102e-02,        +1.123928400879e-03,        +5.607216963574e-03,        +1.414213562373e-01,        +1.487455484367e-03,        +1.721418267616e-03,        +1.144409514608e-01,        -7.858558599583e-02,        +1.123928400879e-03,        +5.607216963573e-03,        +1.470221819598e-01,        -1.220705998677e-02
 2.61000000e+02,        +1.414213562373e-01,        +1.294545497936e-01,        -1.536297275561e-04,        +5.054756465158e-03,        +1.927366701658e-03,        +1.128612763169e-01,        -8.053574216776e-02,        +1.559357172768e-03,        +1.733537883981e-03,        +1.414213562373e-01,        +5.054756465158e-03,        +1.927366701659e-03,        +1.303960162236e-01,        -2.988457471437e-04,        +1.553459279516e-03,        +1.760882365143e-03,        +1.134503245301e-01,        -7.990734887249e-02,        +1.414213562373e-01,        +1.128612763169e-01,        -8.053574216776e-02,        +1.553459279516e-03,        +1.760882365143e-03,        +1.474189227357e-01,        -1.357712507368e-02,        +1.164845143662e-03,        +5.719306522425e-03,        +1.414213562373e-01,        +1.559357172768e-03,        +1.733537883980e-03,        +1.134503245301e-01,        -7.990734887249e-02,        +1.164845143662e-03,        +5.719306522425e-03,        +1.471106336385e-01,        -1.260628521158e-02
 2.66000000e+02,        +1.414213562373e-01,        +1.290492119940e-01,        +1.291463092744e-04,        +5.190102631098e-03,        +1.847033126004e-03,        +1.118301497725e-01,        -8.184877093159e-02,        +1.632737137602e-03,        +1.743920297383e-03,        +1.414213562373e-01,        +5.190102631097e-03,        +1.847033126003e-03,        +1.300157194468e-01,        -4.433830870911e-05,        +1.627435527146e-03,        +1.772275799604e-03,        +1.124422032844e-01,        -8.121658751377e-02,        +1.414213562373e-01,        +1.118301497725e-01,        -8.184877093159e-02,        +1.627435527146e-03,        +1.772275799605e-03,        +1.475083310626e-01,        -1.401285784766e-02,        +1.206921255448e-03,        +5.831388790519e-03,        +1.414213562373e-01,        +1.632737137601e-03,        +1.743920297383e-03,        +1.124422032844e-01,        -8.121658751377e-02,        +1.206921255448e-03,        +5.831388790518e-03,        +1.471952196633e-01,        -1.301244188317e-02
 2.71000000e+02,        +1.414213562373e-01,        +1.286443194718e-01,        +4.265092742774e-04,        +5.324267870469e-03,        +1.761097830039e-03,        +1.107812529296e-01,        -8.314839159741e-02,        +1.707573990982e-03,        +1.752503175457e-03,        +1.414213562373e-01,        +5.324267870468e-03,        +1.761097830039e-03,        +1.296354734209e-01,        +2.235775570700e-04,        +1.702925649604e-03,        +1.781859155935e-03,        +1.114167085526e-01,        -8.251301651042e-02,        +1.414213562373e-01,        +1.107812529296e-01,        -8.314839159741e-02,        +1.702925649604e-03,        +1.781859155935e-03,        +1.475932807603e-01,        -1.445592909280e-02,        +1.250170653959e-03,        +5.943444692097e-03,        +1.414213562373e-01,        +1.707573990982e-03,        +1.752503175456e-03,        +1.114167085526e-01,        -8.251301651042e-02,        +1.250170653959e-03,        +5.943444692096e-03,        +1.472756961091e-01,        -1.342549835250e-02
 2.76000000e+02,        +1.414213562373e-01,        +1.282403153015e-01,        +7.385284179963e-04,        +5.457057002954e-03,        +1.669551430645e-03,        +1.097147241461e-01,        -8.443429791848e-02,        +1.783844325871e-03,        +1.759223871028e-03,        +1.414213562373e-01,        +5.457057002954e-03,        +1.669551430645e-03,        +1.292556780395e-01,        +5.049760045886e-04,        +1.779907026215e-03,        +1.789566515182e-03,        +1.103739672144e-01,        -8.379634976017e-02,        +1.414213562373e-01,        +1.097147241461e-01,        -8.443429791848e-02,        +1.779907026216e-03,        +1.789566515182e-03,        +1.476735083969e-01,        -1.490629231806e-02,        +1.294606546196e-03,        +6.055454341207e-03,        +1.414213562373e-01,        +1.783844325872e-03,        +1.759223871029e-03,        +1.103739672144e-01,        -8.379634976017e-02,        +1.294606546197e-03,        +6.055454341207e-03,        +1.473518188514e-01,        -1.384541550464e-02
 2.81000000e+02,        +1.414213562373e-01,        +1.278376467537e-01,        +1.065261032281e-03,        +5.588272739822e-03,        +1.572389998397e-03,        +1.086307088450e-01,        -8.570618313314e-02,        +1.861522705705e-03,        +1.764019500354e-03,        +1.414213562373e-01,        +5.588272739821e-03,        +1.572389998397e-03,        +1.288767373287e-01,        +7.999207662581e-04,        +1.858354872719e-03,        +1.795331608309e-03,        +1.093141122762e-01,        -8.506630063983e-02,        +1.414213562373e-01,        +1.086307088450e-01,        -8.570618313314e-02,        +1.858354872719e-03,        +1.795331608309e-03,        +1.477487507144e-01,        -1.536389277051e-02,        +1.340241371137e-03,        +6.167397078011e-03,        +1.414213562373e-01,        +1.861522705705e-03,        +1.764019500353e-03,        +1.093141122762e-01,        -8.506630063983e-02,        +1.340241371137e-03,        +6.167397078011e-03,        +1.474233438145e-01,        -1.427214674062e-02
 2.86000000e+02,        +1.414213562373e-01,        +1.274367650324e-01,        +1.406752278259e-03,        +5.717715787339e-03,        +1.469615136959e-03,        +1.075293595977e-01,        -8.696374018103e-02,        +1.940581660716e-03,        +1.766827020624e-03,        +1.414213562373e-01,        +5.717715787340e-03,        +1.469615136959e-03,        +1.284990592421e-01,        +1.108464996996e-03,        +1.938242230926e-03,        +1.799087895354e-03,        +1.082372829387e-01,        -8.632258218069e-02,        +1.414213562373e-01,        +1.075293595977e-01,        -8.696374018103e-02,        +1.938242230925e-03,        +1.799087895354e-03,        +1.478187449098e-01,        -1.582866742651e-02,        +1.387086743069e-03,        +6.279251510432e-03,        +1.414213562373e-01,        +1.940581660717e-03,        +1.766827020625e-03,        +1.082372829387e-01,        -8.632258218069e-02,        +1.387086743069e-03,        +6.279251510432e-03,        +1.474900272220e-01,        -1.470563796979e-02
 2.91000000e+02,        +1.414213562373e-01,        +1.270381250090e-01,        +1.763035022992e-03,        +5.845184947977e-03,        +1.361234057755e-03,        +1.064108361975e-01,        -8.820666192307e-02,        +2.020991691164e-03,        +1.767583306146e-03,        +1.414213562373e-01,        +5.845184947977e-03,        +1.361234057755e-03,        +1.281230554538e-01,        +1.430651124918e-03,        +2.019539965055e-03,        +1.800768643177e-03,        +1.071436246555e-01,        -8.756490724649e-02,        +1.414213562373e-01,        +1.064108361975e-01,        -8.820666192307e-02,        +2.019539965054e-03,        +1.800768643176e-03,        +1.478832289166e-01,        -1.630054499535e-02,        +1.435153395917e-03,        +6.390995561378e-03,        +1.414213562373e-01,        +2.020991691164e-03,        +1.767583306146e-03,        +1.071436246555e-01,        -8.756490724649e-02,        +1.435153395917e-03,        +6.390995561378e-03,        +1.475516258466e-01,        -1.514582761304e-02
 2.96000000e+02,        +1.414213562373e-01,        +1.266421849524e-01,        +2.134129685253e-03,        +5.970477218397e-03,        +1.247259650038e-03,        +1.052753057204e-01,        -8.943464136423e-02,        +2.102721277704e-03,        +1.766225222569e-03,        +1.414213562373e-01,        +5.970477218396e-03,        +1.247259650038e-03,        +1.277491411509e-01,        +1.766510708463e-03,        +2.102216764850e-03,        +1.800307001169e-03,        +1.060332891812e-01,        -8.879298871303e-02,        +1.414213562373e-01,        +1.052753057204e-01,        -8.943464136423e-02,        +2.102216764851e-03,        +1.800307001169e-03,        +1.479419416863e-01,        -1.677944593549e-02,        +1.484451128953e-03,        +6.502606521870e-03,        +1.414213562373e-01,        +2.102721277703e-03,        +1.766225222569e-03,        +1.060332891812e-01,        -8.879298871303e-02,        +1.484451128953e-03,        +6.502606521870e-03,        +1.476078972610e-01,        -1.559264661710e-02
 3.01000000e+02,        +1.414213562373e-01,        +1.262494062584e-01,        +2.520044090736e-03,        +6.093387883150e-03,        +1.127710546576e-03,        +1.041229425741e-01,        -9.064737187786e-02,        +2.185736899124e-03,        +1.762689698424e-03,        +1.414213562373e-01,        +6.093387883149e-03,        +1.127710546576e-03,        +1.273777348234e-01,        +2.116064300220e-03,        +2.186239155629e-03,        +1.797636074245e-03,        +1.049064346099e-01,        -9.000653964852e-02,        +1.414213562373e-01,        +1.041229425741e-01,        -9.064737187786e-02,        +2.186239155629e-03,        +1.797636074245e-03,        +1.479946234695e-01,        -1.726528248394e-02,        +1.534988754369e-03,        +6.614061110368e-03,        +1.414213562373e-01,        +2.185736899124e-03,        +1.762689698424e-03,        +1.049064346099e-01,        -9.000653964852e-02,        +1.534988754369e-03,        +6.614061110367e-03,        +1.476586000881e-01,        -1.604601848036e-02
 3.06000000e+02,        +1.414213562373e-01,        +1.258602531778e-01,        +2.920773336914e-03,        +6.213710602940e-03,        +1.002611185313e-03,        +1.029539285347e-01,        -9.184454743049e-02,        +2.270003057666e-03,        +1.756913793175e-03,        +1.414213562373e-01,        +6.213710602940e-03,        +1.002611185314e-03,        +1.270092580575e-01,        +2.479321317519e-03,        +2.271571515348e-03,        +1.792688992366e-03,        +1.037632254026e-01,        -9.120527349354e-02,        +1.414213562373e-01,        +1.029539285347e-01,        -9.184454743049e-02,        +2.271571515349e-03,        +1.792688992366e-03,        +1.480410160950e-01,        -1.775795869853e-02,        +1.586774047270e-03,        +6.725335538620e-03,        +1.414213562373e-01,        +2.270003057665e-03,        +1.756913793175e-03,        +1.037632254026e-01,        -9.120527349354e-02,        +1.586774047270e-03,        +6.725335538619e-03,        +1.477034942497e-01,        -1.650585929026e-02
 3.11000000e+02,        +1.414213562373e-01,        +1.254751925466e-01,        +3.336299667570e-03,        +6.331237496256e-03,        +8.719918674411e-04,        +1.017684527697e-01,        -9.302586280568e-02,        +2.355482312153e-03,        +1.748834760816e-03,        +1.414213562373e-01,        +6.331237496256e-03,        +8.719918674410e-04,        +1.266441353292e-01,        +2.856279919825e-03,        +2.358176098894e-03,        +1.785398975783e-03,        +1.026038324039e-01,        -9.238890423939e-02,        +1.414213562373e-01,        +1.017684527697e-01,        -9.302586280568e-02,        +2.358176098895e-03,        +1.785398975783e-03,        +1.480808632476e-01,        -1.825737051357e-02,        +1.639813698760e-03,        +6.836405584326e-03,        +1.414213562373e-01,        +2.355482312153e-03,        +1.748834760816e-03,        +1.026038324039e-01,        -9.238890423939e-02,        +1.639813698761e-03,        +6.836405584327e-03,        +1.477423412142e-01,        -1.697207777275e-02
 3.16000000e+02,        +1.414213562373e-01,        +1.250946935192e-01,        +3.766592356806e-03,        +6.445759213071e-03,        +7.358888124648e-04,        +1.005667118491e-01,        -9.419101382562e-02,        +2.442135319067e-03,        +1.738390107970e-03,        +1.414213562373e-01,        +6.445759213070e-03,        +7.358888124654e-04,        +1.262827938030e-01,        +3.246926892684e-03,        +2.446013069656e-03,        +1.775699395014e-03,        +1.014284328473e-01,        -9.355714660375e-02,        +1.414213562373e-01,        +1.005667118491e-01,        -9.419101382562e-02,        +2.446013069656e-03,        +1.775699395013e-03,        +1.481139107414e-01,        -1.876340580889e-02,        +1.694113272850e-03,        +6.947246670872e-03,        +1.414213562373e-01,        +2.442135319067e-03,        +1.738390107970e-03,        +1.014284328473e-01,        -9.355714660375e-02,        +1.694113272850e-03,        +6.947246670872e-03,        +1.477749042415e-01,        -1.744457535403e-02
 3.21000000e+02,        +1.414213562373e-01,        +1.247192273063e-01,        +4.211607602128e-03,        +6.557064999230e-03,        +5.943442109584e-04,        +9.934890974216e-02,        -9.533969756898e-02,        +2.529920881697e-03,        +1.725517645259e-03,        +1.414213562373e-01,        +6.557064999231e-03,        +5.943442109579e-04,        +1.259256631358e-01,        +3.651237537835e-03,        +2.535040538538e-03,        +1.763523824455e-03,        +1.002372103495e-01,        -9.470971620203e-02,        +1.414213562373e-01,        +9.934890974216e-02,        -9.533969756898e-02,        +2.535040538537e-03,        +1.763523824455e-03,        +1.481399067915e-01,        -1.927594449244e-02,        +1.749677168049e-03,        +7.057833954337e-03,        +1.414213562373e-01,        +2.529920881697e-03,        +1.725517645259e-03,        +1.002372103495e-01,        -9.470971620203e-02,        +1.749677168050e-03,        +7.057833954337e-03,        +1.478009486251e-01,        -1.792324623487e-02
 3.26000000e+02,        +1.414213562373e-01,        +1.243492669205e-01,        +4.671288425890e-03,        +6.664942750010e-03,        +4.474062758631e-04,        +9.811525780210e-02,        -9.647161258346e-02,        +2.618796007345e-03,        +1.710155530567e-03,        +1.414213562373e-01,        +6.664942750010e-03,        +4.474062758632e-04,        +1.255731752888e-01,        +4.069175568783e-03,        +2.625214610396e-03,        +1.748806088362e-03,        +9.903035489300e-02,        -9.584632971321e-02,        +1.414213562373e-01,        +9.811525780210e-02,        -9.647161258346e-02,        +2.625214610396e-03,        +1.748806088362e-03,        +1.481586022789e-01,        -1.979485859670e-02,        +1.806508584541e-03,        +7.168142417923e-03,        +1.414213562373e-01,        +2.618796007345e-03,        +1.710155530567e-03,        +9.903035489300e-02,        -9.584632971321e-02,        +1.806508584541e-03,        +7.168142417923e-03,        +1.478202419304e-01,        -1.840797747778e-02
 3.31000000e+02,        +1.414213562373e-01,        +1.239852869309e-01,        +5.145564584131e-03,        +6.769179051168e-03,        +2.951292933933e-04,        +9.686597473703e-02,        -9.758645909150e-02,        +2.708715972492e-03,        +1.692242302686e-03,        +1.414213562373e-01,        +6.769179051167e-03,        +2.951292933934e-04,        +1.252257643491e-01,        +4.500693010808e-03,        +2.716489437846e-03,        +1.731480297694e-03,        +9.780806279800e-02,        -9.696670503852e-02,        +1.414213562373e-01,        +9.686597473703e-02,        -9.758645909150e-02,        +2.716489437846e-03,        +1.731480297694e-03,        +1.481697510116e-01,        -2.032001238906e-02,        +1.864609497957e-03,        +7.278146973870e-03,        +1.414213562373e-01,        +2.708715972492e-03,        +1.692242302687e-03,        +9.780806279800e-02,        -9.696670503852e-02,        +1.864609497957e-03,        +7.278146973871e-03,        +1.478325542274e-01,        -1.889864910750e-02
 3.36000000e+02,        +1.414213562373e-01,        +1.236277632291e-01,        +5.634352481490e-03,        +6.869559205673e-03,        +1.375736748471e-04,        +9.560128656872e-02,        -9.868393918741e-02,        +2.799634395623e-03,        +1.671716903644e-03,        +1.414213562373e-01,        +6.869559205674e-03,        +1.375736748469e-04,        +1.248838663629e-01,        +4.945730104111e-03,        +2.808817282181e-03,        +1.711480876233e-03,        +9.657053668276e-02,        -9.807056145131e-02,        +1.414213562373e-01,        +9.560128656872e-02,        -9.868393918741e-02,        +2.808817282180e-03,        +1.711480876234e-03,        +1.481731099780e-01,        -2.085126249637e-02,        +1.923980640789e-03,        +7.387822572869e-03,        +1.414213562373e-01,        +2.799634395623e-03,        +1.671716903644e-03,        +9.657053668276e-02,        -9.807056145131e-02,        +1.923980640790e-03,        +7.387822572868e-03,        +1.478376583184e-01,        -1.939513422479e-02
 3.41000000e+02,        +1.414213562373e-01,        +1.232771728094e-01,        +6.137555090546e-03,        +6.965867244116e-03,        -2.519398904738e-05,        +9.432142657888e-02,        -9.976375702402e-02,        +2.891503317290e-03,        +1.648518687895e-03,        +1.414213562373e-01,        +6.965867244116e-03,        -2.519398904722e-05,        +1.245479191829e-01,        +5.404215208344e-03,        +2.902148580975e-03,        +1.688742574120e-03,        +9.531798541372e-02,        -9.915761973630e-02,        +1.414213562373e-01,        +9.432142657888e-02,        -9.976375702402e-02,        +2.902148580975e-03,        +1.688742574120e-03,        +1.481684395932e-01,        -2.138845804388e-02,        +1.984621492593e-03,        +7.497144320906e-03,        +1.414213562373e-01,        +2.891503317290e-03,        +1.648518687894e-03,        +9.531798541372e-02,        -9.915761973630e-02,        +1.984621492594e-03,        +7.497144320905e-03,        +1.478353299577e-01,        -1.989729913409e-02
 3.46000000e+02,        +1.414213562373e-01,        +1.229339935647e-01,        +6.655061873555e-03,        +7.057885916636e-03,        -1.931008692427e-04,        +9.302663524367e-02,        -1.008256189870e-01,        +2.984273286730e-03,        +1.622587416388e-03,        +1.414213562373e-01,        +7.057885916636e-03,        -1.931008692427e-04,        +1.242183623330e-01,        +5.876064706427e-03,        +2.996432021735e-03,        +1.663200466826e-03,        +9.405062404522e-02,        -1.002276023164e-01,        +1.414213562373e-01,        +9.302663524367e-02,        -1.008256189870e-01,        +2.996432021735e-03,        +1.663200466826e-03,        +1.481555039351e-01,        -2.193144080872e-02,        +2.046530280182e-03,        +7.606087603411e-03,        +1.414213562373e-01,        +2.984273286730e-03,        +1.622587416388e-03,        +9.405062404522e-02,        -1.002276023164e-01,        +2.046530280182e-03,        +7.606087603411e-03,        +1.478253480632e-01,        -2.040500348500e-02
