        f (GHz),            V_inc[1][1] (V),            Re{V[1][1]} (V),            Im{V[1][1]} (V),            Re{V[2][1]} (V),            Im{V[2][1]} (V),            Re{V[3][1]} (V),            Im{V[3][1]} (V),            Re{V[4][1]} (V),            Im{V[4][1]} (V),            V_inc[2][2] (V),            Re{V[1][2]} (V),            Im{V[1][2]} (V),            Re{V[2][2]} (V),            Im{V[2][2]} (V),            Re{V[3][2]} (V),            Im{V[3][2]} (V),            Re{V[4][2]} (V),            Im{V[4][2]} (V),            V_inc[3][3] (V),            Re{V[1][3]} (V),            Im{V[1][3]} (V),            Re{V[2][3]} (V),            Im{V[2][3]} (V),            Re{V[3][3]} (V),            Im{V[3][3]} (V),            Re{V[4][3]} (V),            Im{V[4][3]} (V),            V_inc[4][4] (V),            Re{V[1][4]} (V),            Im{V[1][4]} (V),            Re{V[2][4]} (V),            Im{V[2][4]} (V),            Re{V[3][4]} (V),            Im{V[3][4]} (V),            Re{V[4][4]} (V),            Im{V[4][4]} (V)
 1.00000000e+00,        +7.071067811865e+00,        +7.104625931783e+00,        +3.454740845261e-04,        +5.681390577822e-03,        +1.448991462047e-03,        +7.037000017040e+00,        -1.984251658765e-02,        -5.595746535515e-03,        +1.995897244286e-04,        +7.071067811865e+00,        +5.681390579485e-03,        +1.448991460826e-03,        +7.104568815419e+00,        +3.530325456968e-04,        -5.595773136496e-03,        +1.996149465099e-04,        +7.037035340958e+00,        -1.964461946625e-02,        +7.071067811865e+00,        +7.037000017040e+00,        -1.984251658772e-02,        -5.595773138166e-03,        +1.996149477068e-04,        +7.104645303376e+00,        +3.292128664836e-04,        +5.678786859344e-03,        +1.489984515542e-03,        +7.071067811865e+00,        -5.595746538786e-03,        +1.995897248815e-04,        +7.037035340958e+00,        -1.964461946623e-02,        +5.678786856132e-03,        +1.489984516033e-03,        +7.104586304177e+00,        +3.394070342800e-04
 6.00000000e+00,        +7.071067811865e+00,        +7.106271519392e+00,        -3.660940927585e-03,        +6.884369186182e-03,        +7.770549936782e-03,        +7.030675301341e+00,        -1.072104382423e-01,        -6.021923905694e-03,        +1.146058881848e-03,        +7.071067811865e+00,        +6.884369186385e-03,        +7.770549936715e-03,        +7.106089550194e+00,        -3.128232967288e-03,        -6.023997575945e-03,        +1.142696464274e-03,        +7.030759246360e+00,        -1.062323878105e-01,        +7.071067811865e+00,        +7.030675301341e+00,        -1.072104382423e-01,        -6.023997576148e-03,        +1.142696464379e-03,        +7.106996430738e+00,        -3.652452574552e-03,        +6.712806480261e-03,        +8.023413811924e-03,        +7.071067811865e+00,        -6.021923905472e-03,        +1.146058881715e-03,        +7.030759246360e+00,        -1.062323878104e-01,        +6.712806480488e-03,        +8.023413811755e-03,        +7.106756720403e+00,        -3.094415032707e-03
 1.10000000e+01,        +7.071067811865e+00,        +7.107776781910e+00,        -7.863059876649e-03,        +8.110350102840e-03,        +1.331657802288e-02,        +7.025331305448e+00,        -1.923620378938e-01,        -6.605723327338e-03,        +2.521905107261e-03,        +7.071067811865e+00,        +8.110350102670e-03,        +1.331657802274e-02,        +7.107615886655e+00,        -6.788736564776e-03,        -6.611556034920e-03,        +2.520143976894e-03,        +7.025480877366e+00,        -1.905821626871e-01,        +7.071067811865e+00,        +7.025331305448e+00,        -1.923620378938e-01,        -6.611556034757e-03,        +2.520143977033e-03,        +7.110085915903e+00,        -8.097818480050e-03,        +7.541886977495e-03,        +1.380503674920e-02,        +7.071067811865e+00,        -6.605723327534e-03,        +2.521905107096e-03,        +7.025480877366e+00,        -1.905821626871e-01,        +7.541886977302e-03,        +1.380503674904e-02,        +7.109755028769e+00,        -6.971822229122e-03
 1.60000000e+01,        +7.071067811865e+00,        +7.109236201462e+00,        -1.342089975145e-02,        +9.474308908395e-03,        +1.855304550600e-02,        +7.019239927884e+00,        -2.763956713350e-01,        -7.150347589240e-03,        +4.265158046956e-03,        +7.071067811865e+00,        +9.474308908384e-03,        +1.855304550593e-02,        +7.109155632692e+00,        -1.180052448345e-02,        -7.159462452681e-03,        +4.265457100481e-03,        +7.019483246702e+00,        -2.738345670733e-01,        +7.071067811865e+00,        +7.019239927884e+00,        -2.763956713350e-01,        -7.159462452669e-03,        +4.265457100540e-03,        +7.113878652733e+00,        -1.395551384393e-02,        +8.291808597021e-03,        +1.932900130421e-02,        +7.071067811865e+00,        -7.150347589289e-03,        +4.265158046905e-03,        +7.019483246702e+00,        -2.738345670733e-01,        +8.291808596971e-03,        +1.932900130416e-02,        +7.113447061672e+00,        -1.225050685036e-02
 2.10000000e+01,        +7.071067811865e+00,        +7.109885427352e+00,        -1.998484883286e-02,        +1.092316724859e-02,        +2.356622506379e-02,        +7.012560744797e+00,        -3.595409339373e-01,        -7.514883561311e-03,        +6.227182289231e-03,        +7.071067811865e+00,        +1.092316724863e-02,        +2.356622506393e-02,        +7.109940271826e+00,        -1.781768089822e-02,        -7.527989841014e-03,        +6.229294636397e-03,        +7.012914085563e+00,        -3.562131263113e-01,        +7.071067811865e+00,        +7.012560744797e+00,        -3.595409339373e-01,        -7.527989841060e-03,        +6.229294636256e-03,        +7.117699822613e+00,        -2.088731411539e-02,        +8.934699345082e-03,        +2.468872322800e-02,        +7.071067811865e+00,        -7.514883561302e-03,        +6.227182289337e-03,        +7.012914085563e+00,        -3.562131263112e-01,        +8.934699345104e-03,        +2.468872322810e-02,        +7.117157266378e+00,        -1.859032873104e-02
 2.60000000e+01,        +7.071067811865e+00,        +7.109530809824e+00,        -2.708960537088e-02,        +1.245707201522e-02,        +2.845192242727e-02,        +7.005352370858e+00,        -4.421304791802e-01,        -7.691853316517e-03,        +8.288593708575e-03,        +7.071067811865e+00,        +1.245707201532e-02,        +2.845192242735e-02,        +7.109773641862e+00,        -2.437990735284e-02,        -7.710126292418e-03,        +8.292502772248e-03,        +7.005830362373e+00,        -4.380441384494e-01,        +7.071067811865e+00,        +7.005352370858e+00,        -4.421304791802e-01,        -7.710126292523e-03,        +8.292502772183e-03,        +7.121376951356e+00,        -2.847918058189e-02,        +9.478806048197e-03,        +2.997469782000e-02,        +7.071067811865e+00,        -7.691853316493e-03,        +8.288593708626e-03,        +7.005830362373e+00,        -4.380441384494e-01,        +9.478806048225e-03,        +2.997469782005e-02,        +7.120712786997e+00,        -2.558043065961e-02
 3.10000000e+01,        +7.071067811865e+00,        +7.108202367608e+00,        -3.442821228599e-02,        +1.410700270954e-02,        +3.326093795083e-02,        +6.997548651537e+00,        -5.243910142590e-01,        -7.710624232514e-03,        +1.038710942439e-02,        +7.071067811865e+00,        +1.410700270947e-02,        +3.326093795078e-02,        +7.108683284704e+00,        -3.118366325673e-02,        -7.735347421409e-03,        +1.039307536624e-02,        +6.998166986445e+00,        -5.195511011514e-01,        +7.071067811865e+00,        +6.997548651537e+00,        -5.243910142590e-01,        -7.735347421350e-03,        +1.039307536630e-02,        +7.124938127793e+00,        -3.646913410633e-02,        +9.955682929277e-03,        +3.523709888590e-02,        +7.071067811865e+00,        -7.710624232524e-03,        +1.038710942444e-02,        +6.998166986445e+00,        -5.195511011514e-01,        +9.955682929284e-03,        +3.523709888594e-02,        +7.124140239134e+00,        -3.296053020514e-02
 3.60000000e+01,        +7.071067811865e+00,        +7.105983130644e+00,        -4.182709946530e-02,        +1.590261276170e-02,        +3.801143320426e-02,        +6.989057111368e+00,        -6.064414569566e-01,        -7.600271554617e-03,        +1.249550613181e-02,        +7.071067811865e+00,        +1.590261276173e-02,        +3.801143320429e-02,        +7.106750352827e+00,        -3.805765356353e-02,        -7.632701033347e-03,        +1.250400201195e-02,        +6.989832705494e+00,        -6.008516628298e-01,        +7.071067811865e+00,        +6.989057111368e+00,        -6.064414569566e-01,        -7.632701033382e-03,        +1.250400201193e-02,        +7.128457491733e+00,        -4.472159178630e-02,        +1.039434304103e-02,        +4.049765571444e-02,        +7.071067811865e+00,        -7.600271554592e-03,        +1.249550613175e-02,        +6.989832705494e+00,        -6.008516628298e-01,        +1.039434304107e-02,        +4.049765571438e-02,        +7.127512548757e+00,        -4.059532433821e-02
 4.10000000e+01,        +7.071067811865e+00,        +7.102950885767e+00,        -4.919060100620e-02,        +1.786466094643e-02,        +4.270555873791e-02,        +6.979799289667e+00,        -6.883350222271e-01,        -7.381664050989e-03,        +1.460311077742e-02,        +7.071067811865e+00,        +1.786466094637e-02,        +4.270555873797e-02,        +7.104051337995e+00,        -4.490799963218e-02,        -7.422983995364e-03,        +1.461476619035e-02,        +6.980749918960e+00,        -6.819986505868e-01,        +7.071067811865e+00,        +6.979799289667e+00,        -6.883350222271e-01,        -7.422983995308e-03,        +1.461476619031e-02,        +7.132002026699e+00,        -5.317448412751e-02,        +1.081546788850e-02,        +4.576434784281e-02,        +7.071067811865e+00,        -7.381664051127e-03,        +1.460311077737e-02,        +6.980749918960e+00,        -6.819986505868e-01,        +1.081546788837e-02,        +4.576434784273e-02,        +7.130896029831e+00,        -4.842234452897e-02
 4.60000000e+01,        +7.071067811865e+00,        +7.099165665191e+00,        -5.646307538310e-02,        +2.000604851339e-02,        +4.733878319727e-02,        +6.969717830983e+00,        -7.700910586088e-01,        -7.068369442798e-03,        +1.670612539331e-02,        +7.071067811865e+00,        +2.000604851343e-02,        +4.733878319716e-02,        +7.100645353326e+00,        -5.168069788651e-02,        -7.119681266160e-03,        +1.672168887962e-02,        +6.970861807237e+00,        -7.630113721909e-01,        +7.071067811865e+00,        +6.969717830983e+00,        -7.700910586088e-01,        -7.119681266201e-03,        +1.672168887974e-02,        +7.135620520969e+00,        -6.180323710586e-02,        +1.123270375123e-02,        +5.103951259682e-02,        +7.071067811865e+00,        -7.068369442808e-03,        +1.670612539335e-02,        +6.970861807237e+00,        -7.630113721909e-01,        +1.123270375123e-02,        +5.103951259685e-02,        +7.134339233390e+00,        -5.641637469442e-02
 5.10000000e+01,        +7.071067811865e+00,        +7.094671336173e+00,        -6.360828165916e-02,        +2.233423429510e-02,        +5.190414008678e-02,        +6.958773031597e+00,        -8.517128129623e-01,        -6.668940806091e-03,        +1.880331578426e-02,        +7.071067811865e+00,        +2.233423429512e-02,        +5.190414008667e-02,        +7.096575545881e+00,        -5.834112640971e-02,        -6.731263269727e-03,        +1.882363116835e-02,        +6.960128999720e+00,        -8.438931553605e-01,        +7.071067811865e+00,        +6.958773031597e+00,        -8.517128129623e-01,        -6.731263269760e-03,        +1.882363116848e-02,        +7.139345495455e+00,        -7.060121422206e-02,        +1.165495593979e-02,        +5.632347033906e-02,        +7.071067811865e+00,        -6.668940806123e-03,        +1.880331578425e-02,        +6.960128999720e+00,        -8.438931553605e-01,        +1.165495593977e-02,        +5.632347033905e-02,        +7.137874720364e+00,        -6.457008258802e-02
 5.60000000e+01,        +7.071067811865e+00,        +7.089499958818e+00,        -7.059909771277e-02,        +2.485317699173e-02,        +5.639397312950e-02,        +6.946937788365e+00,        -9.331962748293e-01,        -6.188758112898e-03,        +2.089424465995e-02,        +7.071067811865e+00,        +2.485317699159e-02,        +5.639397312951e-02,        +7.091873340585e+00,        -6.486380060197e-02,        -6.263030091159e-03,        +2.092023612841e-02,        +6.948524618444e+00,        -9.246401078374e-01,        +7.071067811865e+00,        +6.946937788365e+00,        -9.331962748293e-01,        -6.263030091026e-03,        +2.092023612839e-02,        +7.143197555721e+00,        -7.957001704350e-02,        +1.208816855540e-02,        +6.161597923249e-02,        +7.071067811865e+00,        -6.188758113001e-03,        +2.089424465993e-02,        +6.948524618444e+00,        -9.246401078374e-01,        +1.208816855531e-02,        +6.161597923248e-02,        +7.141523300100e+00,        -7.288438806164e-02
 6.10000000e+01,        +7.071067811865e+00,        +7.083675664661e+00,        -7.741261807687e-02,        +2.756461724397e-02,        +6.080058582545e-02,        +6.934193454302e+00,        -1.014534313784e+00,        -5.631242418998e-03,        +2.297860411064e-02,        +7.071067811865e+00,        +2.756461724395e-02,        +6.080058582540e-02,        +7.086562252835e+00,        -7.122747344045e-02,        -5.718325477065e-03,        +2.301126652084e-02,        +6.936030192630e+00,        -1.005245228704e+00,        +7.071067811865e+00,        +6.934193454302e+00,        -1.014534313784e+00,        -5.718325477067e-03,        +2.301126652088e-02,        +7.147189173082e+00,        -8.871489982120e-02,        +1.253648062225e-02,        +6.691675658214e-02,        +7.071067811865e+00,        -5.631242419075e-03,        +2.297860411063e-02,        +6.936030192630e+00,        -1.005245228704e+00,        +1.253648062220e-02,        +6.691675658214e-02,        +7.145297741451e+00,        -8.136389462439e-02
 6.60000000e+01,        +7.071067811865e+00,        +7.077217470676e+00,        -8.402789133054e-02,        +3.046886536945e-02,        +6.511644261848e-02,        +6.920526927136e+00,        -1.095718515221e+00,        -4.998601638005e-03,        +2.505599687574e-02,        +7.071067811865e+00,        +3.046886536950e-02,        +6.511644261851e-02,        +7.080660666262e+00,        -7.741286441244e-02,        -5.099281603622e-03,        +2.509638911710e-02,        +6.922632780380e+00,        -1.085700240338e+00,        +7.071067811865e+00,        +6.920526927136e+00,        -1.095718515221e+00,        -5.099281603692e-03,        +2.509638911706e-02,        +7.151327388525e+00,        -9.804267812085e-02,        +1.300293003727e-02,        +7.222562719737e-02,        +7.071067811865e+00,        -4.998601638027e-03,        +2.505599687573e-02,        +6.922632780380e+00,        -1.085700240338e+00,        +1.300293003726e-02,        +7.222562719737e-02,        +7.149205436971e+00,        -9.001479650300e-02
 7.10000000e+01,        +7.071067811865e+00,        +7.070141169806e+00,        -9.042491210208e-02,        +3.356527109639e-02,        +6.933420103206e-02,        +6.905928730804e+00,        -1.176739941272e+00,        -4.292276036063e-03,        +2.712588861856e-02,        +7.071067811865e+00,        +3.356527109641e-02,        +6.933420103209e-02,        +7.074183704217e+00,        -8.340164128792e-02,        -4.407263470591e-03,        +2.717512869076e-02,        +6.908323067296e+00,        -1.165996352839e+00,        +7.071067811865e+00,        +6.905928730804e+00,        -1.176739941272e+00,        -4.407263470620e-03,        +2.717512869073e-02,        +7.155615604187e+00,        -1.075608098390e-01,        +1.348987149993e-02,        +7.754253605678e-02,        +7.071067811865e+00,        -4.292276036078e-03,        +2.712588861857e-02,        +6.908323067296e+00,        -1.165996352839e+00,        +1.348987149992e-02,        +7.754253605679e-02,        +7.153250173331e+00,        -9.884395298734e-02
 7.60000000e+01,        +7.071067811865e+00,        +7.062460559507e+00,        -9.658419370352e-02,        +3.685250060564e-02,        +7.344668992254e-02,        +6.890391787734e+00,        -1.257589411554e+00,        -3.513202379873e-03,        +2.918761707019e-02,        +7.071067811865e+00,        +3.685250060551e-02,        +7.344668992255e-02,        +7.067144448851e+00,        -8.917598377345e-02,        -3.643132104293e-03,        +2.924687806298e-02,        +6.893094146595e+00,        -1.246124549807e+00,        +7.071067811865e+00,        +6.890391787734e+00,        -1.257589411554e+00,        -3.643132104170e-03,        +2.924687806297e-02,        +7.160054729734e+00,        -1.172770088107e-01,        +1.399922312272e-02,        +8.286752071047e-02,        +7.071067811865e+00,        -3.513202379942e-03,        +2.918761707017e-02,        +6.893094146595e+00,        -1.246124549807e+00,        +1.399922312266e-02,        +8.286752071044e-02,        +7.157433267432e+00,        -1.078584953732e-01
 8.10000000e+01,        +7.071067811865e+00,        +7.054188230031e+00,        -1.024866006800e-01,        +4.032870009035e-02,        +7.744687828294e-02,        +6.873910642635e+00,        -1.338257582499e+00,        -2.661971597253e-03,        +3.124041376110e-02,        +7.071067811865e+00,        +4.032870009035e-02,        +7.744687828292e-02,        +7.059554725211e+00,        -9.471840902708e-02,        -2.807401491698e-03,        +3.131092023461e-02,        +6.876940745553e+00,        -1.326075672141e+00,        +7.071067811865e+00,        +6.873910642635e+00,        -1.338257582499e+00,        -2.807401491728e-03,        +3.131092023461e-02,        +7.164643905396e+00,        -1.271990896713e-01,        +1.453261300357e-02,        +8.820067891317e-02,        +7.071067811865e+00,        -2.661971597254e-03,        +3.124041376111e-02,        +6.876940745553e+00,        -1.326075672141e+00,        +1.453261300359e-02,        +8.820067891319e-02,        +7.161754285176e+00,        -1.170656667873e-01
 8.60000000e+01,        +7.071067811865e+00,        +7.045336070068e+00,        -1.081132919898e-01,        +4.399159348235e-02,        +8.132784949779e-02,        +6.856480972395e+00,        -1.418734951218e+00,        -1.738924805302e-03,        +3.328342311336e-02,        +7.071067811865e+00,        +4.399159348237e-02,        +8.132784949784e-02,        +7.051425605451e+00,        -1.000117096151e-01,        -1.900334101475e-03,        +3.336644757874e-02,        +6.859858735308e+00,        -1.405840425255e+00,        +7.071067811865e+00,        +6.856480972395e+00,        -1.418734951218e+00,        -1.900334101487e-03,        +3.336644757870e-02,        +7.169380957448e+00,        -1.373349062280e-01,        +1.509146810259e-02,        +9.354214255259e-02,        +7.071067811865e+00,        -1.738924805360e-03,        +3.328342311346e-02,        +6.859858735308e+00,        -1.405840425255e+00,        +1.509146810253e-02,        +9.354214255271e-02,        +7.166211495790e+00,        -1.264727573759e-01
 9.10000000e+01,        +7.071067811865e+00,        +7.035915593965e+00,        -1.134457074572e-01,        +4.783854227797e-02,        +8.508278424684e-02,        +6.838099274520e+00,        -1.499011837722e+00,        -7.442139065306e-04,        +3.531571519317e-02,        +7.071067811865e+00,        +4.783854227804e-02,        +8.508278424682e-02,        +7.042767736064e+00,        -1.050389361849e-01,        -9.220011632657e-04,        +3.541257451986e-02,        +6.841844817862e+00,        -1.485409363555e+00,        +7.071067811865e+00,        +6.838099274520e+00,        -1.499011837722e+00,        -9.220011633441e-04,        +3.541257451990e-02,        +7.174262687970e+00,        -1.476923230929e-01,        +1.567706999208e-02,        +9.889205960037e-02,        +7.071067811865e+00,        -7.442139065442e-04,        +3.531571519313e-02,        +6.841844817862e+00,        -1.485409363555e+00,        +1.567706999207e-02,        +9.889205960033e-02,        +7.170802161933e+00,        -1.360870743437e-01
 9.60000000e+01,        +7.071067811865e+00,        +7.025938157026e+00,        -1.184655686032e-01,        +5.186658356632e-02,        +8.870495112054e-02,        +6.818762666331e+00,        -1.579078366289e+00,        +3.221581797891e-04,        +3.733629254756e-02,        +7.071067811865e+00,        +5.186658356631e-02,        +8.870495112052e-02,        +7.033591553828e+00,        -1.097833955797e-01,        +1.276772514061e-04,        +3.744834420814e-02,        +6.822896323242e+00,        -1.564772873187e+00,        +7.071067811865e+00,        +6.818762666331e+00,        -1.579078366289e+00,        +1.276772513910e-04,        +3.744834420817e-02,        +7.179285063025e+00,        -1.582791961214e-01,        +1.629059153293e-02,        +1.042505827268e-01,        +7.071067811865e+00,        +3.221581797826e-04,        +3.733629254755e-02,        +6.822896323242e+00,        -1.564772873187e+00,        +1.629059153294e-02,        +1.042505827268e-01,        +7.175522728778e+00,        -1.459159219963e-01
 1.01000000e+02,        +7.071067811865e+00,        +7.015415100496e+00,        -1.231548825303e-01,        +5.607245542144e-02,        +9.218770296129e-02,        +6.798468753008e+00,        -1.658924452330e+00,        +1.460309076179e-03,        +3.934409266256e-02,        +7.071067811865e+00,        +5.607245542145e-02,        +9.218770296131e-02,        +7.023907431720e+00,        -1.142286527556e-01,        +1.248903804726e-03,        +3.947273078095e-02,        +6.803011075328e+00,        -1.643921159622e+00,        +7.071067811865e+00,        +6.798468753008e+00,        -1.658924452330e+00,        +1.248903804697e-03,        +3.947273078093e-02,        +7.184443338668e+00,        -1.691033530725e-01,        +1.693312243615e-02,        +1.096178625898e-01,        +7.071067811865e+00,        +1.460309076187e-03,        +3.934409266252e-02,        +6.803011075328e+00,        -1.643921159622e+00,        +1.693312243616e-02,        +1.096178625898e-01,        +7.180368951023e+00,        -1.559665828398e-01
 1.06000000e+02,        +7.071067811865e+00,        +7.004357852015e+00,        -1.274959452111e-01,        +6.045261480580e-02,        +9.552447705073e-02,        +6.777215538814e+00,        -1.738539795331e+00,        +2.670455440155e-03,        +4.133798757089e-02,        +7.071067811865e+00,        +6.045261480584e-02,        +9.552447705073e-02,        +7.013725780342e+00,        -1.183585326119e-01,        +2.441982292722e-03,        +4.148463878408e-02,        +6.782187300903e+00,        -1.722844240862e+00,        +7.071067811865e+00,        +6.777215538814e+00,        -1.738539795331e+00,        +2.441982292675e-03,        +4.148463878409e-02,        +7.189732148720e+00,        -1.801725724669e-01,        +1.760568818431e-02,        +1.149940440323e-01,        +7.071067811865e+00,        +2.670455440226e-03,        +4.133798757090e-02,        +6.782187300903e+00,        -1.722844240862e+00,        +1.760568818439e-02,        +1.149940440323e-01,        +7.185335981514e+00,        -1.662462974077e-01
 1.11000000e+02,        +7.071067811865e+00,        +6.992777997467e+00,        -1.314713436310e-01,        +6.500325084651e-02,        +9.870879771977e-02,        +6.755001365913e+00,        -1.817913876529e+00,        +3.952895631166e-03,        +4.331678179617e-02,        +7.071067811865e+00,        +6.500325084653e-02,        +9.870879771978e-02,        +7.003057120709e+00,        -1.221571210208e-01,        +3.707300140166e-03,        +4.348290097244e-02,        +6.760423566422e+00,        -1.801531945069e+00,        +7.071067811865e+00,        +6.755001365913e+00,        -1.817913876529e+00,        +3.707300140128e-03,        +4.348290097242e-02,        +7.195145568683e+00,        -1.914945609763e-01,        +1.830926481249e-02,        +1.203792638555e-01,        +7.071067811865e+00,        +3.952895631179e-03,        +4.331678179619e-02,        +6.760423566422e+00,        -1.801531945069e+00,        +1.830926481251e-02,        +1.203792638556e-01,        +7.190418435751e+00,        -1.767622429157e-01
 1.16000000e+02,        +7.071067811865e+00,        +6.980687334069e+00,        -1.350639573150e-01,        +6.972029507411e-02,        +1.017342804501e-01,        +6.731824871324e+00,        -1.897035959673e+00,        +5.307994945580e-03,        +4.527920946288e-02,        +7.071067811865e+00,        +6.972029507406e-02,        +1.017342804501e-01,        +6.991912138163e+00,        -1.256087654698e-01,        +5.045313417300e-03,        +4.546627534573e-02,        +6.737718733091e+00,        -1.879973911081e+00,        +7.071067811865e+00,        +6.731824871324e+00,        -1.897035959673e+00,        +5.045313417347e-03,        +4.546627534571e-02,        +7.200677164434e+00,        -2.030769302428e-01,        +1.904479092854e-02,        +1.257736492444e-01,        +7.071067811865e+00,        +5.307994945615e-03,        +4.527920946285e-02,        +6.737718733091e+00,        -1.879973911081e+00,        +1.904479092859e-02,        +1.257736492443e-01,        +7.195610440893e+00,        -1.875215114625e-01
 1.21000000e+02,        +7.071067811865e+00,        +6.968097910810e+00,        -1.382569600108e-01,        +7.459942954612e-02,        +1.045946369504e-01,        +6.707684956247e+00,        -1.975895093530e+00,        +6.736172442281e-03,        +4.722393113812e-02,        +7.071067811865e+00,        +7.459942954612e-02,        +1.045946369505e-01,        +6.980301723496e+00,        -1.286980760092e-01,        +6.456533445873e-03,        +4.743344200277e-02,        +6.714071924518e+00,        -1.958159590571e+00,        +7.071067811865e+00,        +6.707684956247e+00,        -1.975895093530e+00,        +6.456533445869e-03,        +4.743344200270e-02,        +7.206320030927e+00,        -2.149271739425e-01,        +1.981317770847e-02,        +1.311773162424e-01,        +7.071067811865e+00,        +6.736172442324e-03,        +4.722393113812e-02,        +6.714071924518e+00,        -1.958159590571e+00,        +1.981317770851e-02,        +1.311773162424e-01,        +7.200905674531e+00,        -1.985310884504e-01
 1.26000000e+02,        +7.071067811865e+00,        +6.955022059997e+00,        -1.410338222315e-01,        +7.963609347590e-02,        +1.072836809879e-01,        +6.682580764223e+00,        -2.054480115243e+00,        +8.237888736394e-03,        +4.914953082521e-02,        +7.071067811865e+00,        +7.963609347590e-02,        +1.072836809879e-01,        +6.968237005005e+00,        -1.314099271315e-01,        +7.941514424930e-03,        +4.938300023022e-02,        +6.689482503398e+00,        -2.036078251044e+00,        +7.071067811865e+00,        +6.682580764223e+00,        -2.054480115243e+00,        +7.941514424921e-03,        +4.938300023029e-02,        +7.212066824159e+00,        -2.270526456439e-01,        +2.061531722165e-02,        +1.365903679297e-01,        +7.071067811865e+00,        +8.237888736464e-03,        +4.914953082518e-02,        +6.689482503398e+00,        -2.036078251044e+00,        +2.061531722172e-02,        +1.365903679297e-01,        +7.206297396537e+00,        -2.097978316816e-01
 1.31000000e+02,        +7.071067811865e+00,        +6.941472422177e+00,        -1.433783151713e-01,        +8.482548890188e-02,        +1.097953349060e-01,        +6.656511665873e+00,        -2.132779654100e+00,        +9.813634382845e-03,        +5.105451347594e-02,        +7.071067811865e+00,        +8.482548890191e-02,        +1.097953349060e-01,        +6.955729373697e+00,        -1.337294610037e-01,        +9.500841755297e-03,        +5.131346616168e-02,        +6.663950054948e+00,        -2.113718979292e+00,        +7.071067811865e+00,        +6.656511665873e+00,        -2.132779654100e+00,        +9.500841755269e-03,        +5.131346616172e-02,        +7.217909788460e+00,        -2.394605377911e-01,        +2.145208921444e-02,        +1.420128921640e-01,        +7.071067811865e+00,        +9.813634382859e-03,        +5.105451347591e-02,        +6.663950054948e+00,        -2.113718979292e+00,        +2.145208921445e-02,        +1.420128921640e-01,        +7.211778476178e+00,        -2.213284514084e-01
 1.36000000e+02,        +7.071067811865e+00,        +6.927461965724e+00,        -1.452745162430e-01,        +9.016258594009e-02,        +1.121236367560e-01,        +6.629477248670e+00,        -2.210782135584e+00,        +1.146391870186e-02,        +5.293730336880e-02,        +7.071067811865e+00,        +9.016258594006e-02,        +1.121236367560e-01,        +6.942790502963e+00,        -1.356420921942e-01,        +1.113512094978e-02,        +5.322327128340e-02,        +6.637474375474e+00,        -2.191070685270e+00,        +7.071067811865e+00,        +6.629477248670e+00,        -2.210782135584e+00,        +1.113512094980e-02,        +5.322327128344e-02,        +7.223840780526e+00,        -2.521578620127e-01,        +2.232436637440e-02,        +1.474449589416e-01,        +7.071067811865e+00,        +1.146391870184e-02,        +5.293730336881e-02,        +6.637474375474e+00,        -2.191070685270e+00,        +2.232436637440e-02,        +1.474449589416e-01,        +7.217341416007e+00,        -2.331294915545e-01
 1.41000000e+02,        +7.071067811865e+00,        +6.913004001801e+00,        -1.467068161596e-01,        +9.564212814133e-02,        +1.142627478219e-01,        +6.601477310507e+00,        -2.288475785745e+00,        +1.318925914199e-02,        +5.479624363366e-02,        +7.071067811865e+00,        +9.564212814142e-02,        +1.142627478218e-01,        +6.929432363460e+00,        -1.371335136960e-01,        +1.284496722044e-02,        +5.511076197847e-02,        +6.610055464763e+00,        -2.268122106471e+00,        +7.071067811865e+00,        +6.601477310507e+00,        -2.288475785745e+00,        +1.284496722035e-02,        +5.511076197849e-02,        +7.229851291095e+00,        -2.651514309121e-01,        +2.323301810422e-02,        +1.528866176026e-01,        +7.071067811865e+00,        +1.318925914200e-02,        +5.479624363371e-02,        +6.610055464763e+00,        -2.268122106471e+00,        +2.323301810424e-02,        +1.528866176027e-01,        +7.222978373547e+00,        -2.452073123482e-01
 1.46000000e+02,        +7.071067811865e+00,        +6.898112195155e+00,        -1.476599271527e-01,        +1.012586383228e-01,        +1.162069601102e-01,        +6.572511856013e+00,        -2.365848635960e+00,        +1.499017148651e-02,        +5.662959702583e-02,        +7.071067811865e+00,        +1.012586383228e-01,        +1.162069601102e-01,        +6.915667233803e+00,        -1.381897037508e-01,        +1.463099597940e-02,        +5.697420012311e-02,        +6.581693521123e+00,        -2.344861812844e+00,        +7.071067811865e+00,        +6.572511856013e+00,        -2.365848635960e+00,        +1.463099597940e-02,        +5.697420012314e-02,        +7.235932464846e+00,        -2.784478414647e-01,        +2.417891294814e-02,        +1.583378942025e-01,        +7.071067811865e+00,        +1.499017148649e-02,        +5.662959702589e-02,        +6.581693521123e+00,        -2.344861812844e+00,        +2.417891294812e-02,        +1.583378942026e-01,        +7.228681181366e+00,        -2.575680746332e-01
 1.51000000e+02,        +7.071067811865e+00,        +6.882800571259e+00,        -1.481188916975e-01,        +1.070064249345e-01,        +1.179507032553e-01,        +6.542581094724e+00,        -2.442888527959e+00,        +1.686716128719e-02,        +5.843554777169e-02,        +7.071067811865e+00,        +1.070064249344e-01,        +1.179507032553e-01,        +6.901507707742e+00,        -1.387969328356e-01,        +1.649381452213e-02,        +5.881176452199e-02,        +6.552388938061e+00,        -2.421278212058e+00,        +7.071067811865e+00,        +6.542581094724e+00,        -2.442888527959e+00,        +1.649381452222e-02,        +5.881176452198e-02,        +7.242075118781e+00,        -2.920534600821e-01,        +2.516291998054e-02,        +1.637987893498e-01,        +7.071067811865e+00,        +1.686716128716e-02,        +5.843554777168e-02,        +6.552388938061e+00,        -2.421278212058e+00,        +2.516291998053e-02,        +1.637987893497e-01,        +7.234441365737e+00,        -2.702177260601e-01
 1.56000000e+02,        +7.071067811865e+00,        +6.867083520539e+00,        -1.480690911230e-01,        +1.128795886534e-01,        +1.194885503764e-01,        +6.511685440434e+00,        -2.519583118861e+00,        +1.882071678368e-02,        +6.021220402519e-02,        +7.071067811865e+00,        +1.128795886534e-01,        +1.194885503764e-01,        +6.886966698713e+00,        -1.389417702808e-01,        +1.843401501776e-02,        +6.062155276384e-02,        +6.522142301908e+00,        -2.497359554725e+00,        +7.071067811865e+00,        +6.511685440434e+00,        -2.519583118861e+00,        +1.843401501774e-02,        +6.062155276389e-02,        +7.248269759163e+00,        -3.059744092571e-01,        +2.618590959098e-02,        +1.692692766475e-01,        +7.071067811865e+00,        +1.882071678367e-02,        +6.021220402516e-02,        +6.522142301908e+00,        -2.497359554725e+00,        +2.618590959100e-02,        +1.692692766474e-01,        +7.240250163809e+00,        -2.831619891504e-01
 1.61000000e+02,        +7.071067811865e+00,        +6.850975800600e+00,        -1.474962537555e-01,        +1.188720286479e-01,        +1.208152227357e-01,        +6.479825511406e+00,        -2.595919885851e+00,        +2.085130326889e-02,        +6.195760034114e-02,        +7.071067811865e+00,        +1.188720286479e-01,        +1.208152227357e-01,        +6.872057442763e+00,        -1.386110903366e-01,        +2.045216868584e-02,        +6.240158302094e-02,        +6.490954390104e+00,        -2.573093939070e+00,        +7.071067811865e+00,        +6.479825511406e+00,        -2.595919885851e+00,        +2.045216868582e-02,        +6.240158302094e-02,        +7.254506597007e+00,        -3.202165555378e-01,        +2.724875409247e-02,        +1.747493016479e-01,        +7.071067811865e+00,        +2.085130326890e-02,        +6.195760034121e-02,        +6.490954390104e+00,        -2.573093939070e+00,        +2.724875409248e-02,        +1.747493016480e-01,        +7.246098539099e+00,        -2.964063509488e-01
 1.66000000e+02,        +7.071067811865e+00,        +6.834492537325e+00,        -1.463864626377e-01,        +1.249774479678e-01,        +1.219255934463e-01,        +6.447002131423e+00,        -2.671886130237e+00,        +2.295935853911e-02,        +6.366969967119e-02,        +7.071067811865e+00,        +1.249774479678e-01,        +1.219255934463e-01,        +6.856793500694e+00,        -1.377920779063e-01,        +2.254882080001e-02,        +6.414979543915e-02,        +6.458826170249e+00,        -2.648469314717e+00,        +7.071067811865e+00,        +6.447002131423e+00,        -2.671886130237e+00,        +2.254882080000e-02,        +6.414979543917e-02,        +7.260775562211e+00,        -3.347854984541e-01,        +2.835232842282e-02,        +1.802387810429e-01,        +7.071067811865e+00,        +2.295935853914e-02,        +6.366969967122e-02,        +6.458826170249e+00,        -2.648469314717e+00,        +2.835232842286e-02,        +1.802387810429e-01,        +7.251977195281e+00,        -3.099560537524e-01
 1.71000000e+02,        +7.071067811865e+00,        +6.817649225459e+00,        -1.447261631916e-01,        +1.311893577736e-01,        +1.228146907618e-01,        +6.413216331859e+00,        -2.747468980827e+00,        +2.514528888899e-02,        +6.534639467165e-02,        +7.071067811865e+00,        +1.311893577736e-01,        +1.228146907618e-01,        +6.841188759902e+00,        -1.364722344285e-01,        +2.472448605707e-02,        +6.586405301995e-02,        +6.425758800195e+00,        -2.723473485539e+00,        +7.071067811865e+00,        +6.413216331859e+00,        -2.747468980827e+00,        +2.472448605708e-02,        +6.586405302000e-02,        +7.267066316538e+00,        -3.496865600187e-01,        +2.949751098030e-02,        +1.857376017696e-01,        +7.071067811865e+00,        +2.514528888898e-02,        +6.534639467166e-02,        +6.425758800195e+00,        -2.723473485539e+00,        +2.949751098029e-02,        +1.857376017696e-01,        +7.257876588461e+00,        -3.238160863692e-01
 1.76000000e+02,        +7.071067811865e+00,        +6.800461728904e+00,        -1.425021712915e-01,        +1.375010804689e-01,        +1.234777015200e-01,        +6.378469354915e+00,        -2.822655396812e+00,        +2.740946514971e-02,        +6.698550842304e-02,        +7.071067811865e+00,        +1.375010804689e-01,        +1.234777015200e-01,        +6.825257436014e+00,        -1.346393843982e-01,        +2.697964392797e-02,        +6.754214213166e-02,        +6.391753629468e+00,        -2.798094111806e+00,        +7.071067811865e+00,        +6.378469354915e+00,        -2.822655396812e+00,        +2.697964392796e-02,        +6.754214213172e-02,        +7.273368265779e+00,        -3.649247745277e-01,        +3.068518444705e-02,        +1.912456198058e-01,        +7.071067811865e+00,        +2.740946514969e-02,        +6.698550842300e-02,        +6.391753629468e+00,        -2.798094111806e+00,        +3.068518444705e-02,        +1.912456198058e-01,        +7.263786938340e+00,        -3.379911754872e-01
 1.81000000e+02,        +7.071067811865e+00,        +6.782946280638e+00,        -1.397016821041e-01,        +1.439057520677e-01,        +1.239099751466e-01,        +6.342762658095e+00,        -2.897432170477e+00,        +2.975221846406e-02,        +6.858479485844e-02,        +7.071067811865e+00,        +1.439057520676e-01,        +1.239099751465e-01,        +6.809014074094e+00,        -1.322816828225e-01,        +2.931473378718e-02,        +6.918177291995e-02,        +6.356812202064e+00,        -2.872318712064e+00,        +7.071067811865e+00,        +6.342762658095e+00,        -2.897432170477e+00,        +2.931473378721e-02,        +6.918177291999e-02,        +7.279670571433e+00,        -3.805048785404e-01,        +3.191623638141e-02,        +1.967626585953e-01,        +7.071067811865e+00,        +2.975221846402e-02,        +6.858479485841e-02,        +6.356812202064e+00,        -2.872318712064e+00,        +3.191623638140e-02,        +1.967626585952e-01,        +7.269698238733e+00,        -3.524857769721e-01
 1.86000000e+02,        +7.071067811865e+00,        +6.765119482003e+00,        -1.363122798265e-01,        +1.503963242169e-01,        +1.241070283713e-01,        +6.306097919776e+00,        -2.971785930034e+00,        +3.217383572140e-02,        +7.014193923284e-02,        +7.071067811865e+00,        +1.503963242169e-01,        +1.241070283713e-01,        +6.792473549158e+00,        -1.293876236548e-01,        +3.173014980388e-02,        +7.078057988215e-02,        +6.320936260495e+00,        -2.946134665108e+00,        +7.071067811865e+00,        +6.306097919776e+00,        -2.971785930034e+00,        +3.173014980390e-02,        +7.078057988215e-02,        +7.285962162198e+00,        -3.964313010445e-01,        +3.319155939649e-02,        +2.022885071831e-01,        +7.071067811865e+00,        +3.217383572135e-02,        +7.014193923281e-02,        +6.320936260495e+00,        -2.946134665108e+00,        +3.319155939645e-02,        +2.022885071830e-01,        +7.275600267858e+00,        -3.673040671116e-01
 1.91000000e+02,        +7.071067811865e+00,        +6.746998301141e+00,        -1.323219482552e-01,        +1.569655662373e-01,        +1.240645505985e-01,        +6.268477045681e+00,        -3.045703142848e+00,        +3.467455474139e-02,        +7.165455888287e-02,        +7.071067811865e+00,        +1.569655662373e-01,        +1.240645505985e-01,        +6.775651065746e+00,        -1.259460490557e-01,        +3.422623569505e-02,        +7.233612278441e-02,        +6.284127750834e+00,        -3.019529212361e+00,        +7.071067811865e+00,        +6.268477045681e+00,        -3.045703142848e+00,        +3.422623569504e-02,        +7.233612278441e-02,        +7.292231745455e+00,        -4.127081538823e-01,        +3.451205083440e-02,        +2.078229182157e-01,        +7.071067811865e+00,        +3.467455474136e-02,        +7.165455888285e-02,        +6.284127750834e+00,        -3.019529212361e+00,        +3.451205083438e-02,        +2.078229182157e-01,        +7.281482598645e+00,        -3.824499339387e-01
 1.96000000e+02,        +7.071067811865e+00,        +6.728600070430e+00,        -1.277190820008e-01,        +1.636060674133e-01,        +1.237784097606e-01,        +6.229902175995e+00,        -3.119170119168e+00,        +3.725455936490e-02,        +7.312020440427e-02,        +7.071067811865e+00,        +1.636060674133e-01,        +1.237784097607e-01,        +6.758562156460e+00,        -1.219461592422e-01,        +3.680327948146e-02,        +7.384588799578e-02,        +6.246388828437e+00,        -3.092489460780e+00,        +7.071067811865e+00,        +6.229902175995e+00,        -3.119170119168e+00,        +3.680327948144e-02,        +7.384588799576e-02,        +7.298467818845e+00,        -4.293392225251e-01,        +3.587861193640e-02,        +2.133656059608e-01,        +7.071067811865e+00,        +3.725455936492e-02,        +7.312020440429e-02,        +6.246388828437e+00,        -3.092489460780e+00,        +3.587861193643e-02,        +2.133656059608e-01,        +7.287334609202e+00,        -3.979269687900e-01
 2.01000000e+02,        +7.071067811865e+00,        +6.709942482874e+00,        -1.224924981323e-01,        +1.703102396371e-01,        +1.232446584645e-01,        +6.190375692912e+00,        -3.192173016411e+00,        +3.991397460637e-02,        +7.453636127008e-02,        +7.071067811865e+00,        +1.703102396371e-01,        +1.232446584645e-01,        +6.741222679480e+00,        -1.173775226904e-01,        +3.946150836802e-02,        +7.530729023276e-02,        +6.207721864111e+00,        -3.165002386320e+00,        +7.071067811865e+00,        +6.190375692912e+00,        -3.192173016411e+00,        +3.946150836802e-02,        +7.530729023279e-02,        +7.304658681969e+00,        -4.463279572620e-01,        +3.729214656790e-02,        +2.189162444651e-01,        +7.071067811865e+00,        +3.991397460634e-02,        +7.453636127013e-02,        +6.207721864111e+00,        -3.165002386320e+00,        +3.729214656787e-02,        +2.189162444651e-01,        +7.293145493467e+00,        -4.137384582208e-01
 2.06000000e+02,        +7.071067811865e+00,        +6.691043587493e+00,        -1.166314480620e-01,        +1.770703204204e-01,        +1.224595402673e-01,        +6.149900228426e+00,        -3.264697843984e+00,        +4.265286198059e-02,        +7.590045185021e-02,        +7.071067811865e+00,        +1.770703204204e-01,        +1.224595402672e-01,        +6.723648815128e+00,        -1.122300865058e-01,        +4.220108383020e-02,        +7.671767466738e-02,        +6.168129450508e+00,        -3.237054837927e+00,        +7.071067811865e+00,        +6.149900228426e+00,        -3.264697843984e+00,        +4.220108383016e-02,        +7.671767466741e-02,        +7.310792448232e+00,        -4.636774648399e-01,        +3.875355958056e-02,        +2.244744659238e-01,        +7.071067811865e+00,        +4.265286198055e-02,        +7.590045185018e-02,        +6.168129450508e+00,        -3.237054837927e+00,        +3.875355958054e-02,        +2.244744659238e-01,        +7.298904272028e+00,        -4.298873763516e-01
 2.11000000e+02,        +7.071067811865e+00,        +6.671921783795e+00,        -1.101256295278e-01,        +1.838783762422e-01,        +1.214194959723e-01,        +6.108478672259e+00,        -3.336730468620e+00,        +4.547121506992e-02,        +7.720983776859e-02,        +7.071067811865e+00,        +1.838783762422e-01,        +1.214194959723e-01,        +6.705857061607e+00,        -1.064941868346e-01,        +4.502209694892e-02,        +7.807431933790e-02,        +6.127614408641e+00,        -3.308633541997e+00,        +7.071067811865e+00,        +6.108478672259e+00,        -3.336730468620e+00,        +4.502209694894e-02,        +7.807431933791e-02,        +7.316857056802e+00,        -4.813905005660e-01,        +4.026375489232e-02,        +2.300398592927e-01,        +7.071067811865e+00,        +4.547121506991e-02,        +7.720983776861e-02,        +6.127614408641e+00,        -3.308633541997e+00,        +4.026375489231e-02,        +2.300398592927e-01,        +7.304599803089e+00,        -4.463763776749e-01
 2.16000000e+02,        +7.071067811865e+00,        +6.652595815409e+00,        -1.029651985752e-01,        +1.907263061856e-01,        +1.201211698773e-01,        +6.066114179817e+00,        -3.408256620178e+00,        +4.836895536169e-02,        +7.846182253443e-02,        +7.071067811865e+00,        +1.907263061857e-01,        +1.201211698773e-01,        +6.687864230005e+00,        -1.001605592396e-01,        +4.792456400939e-02,        +7.937443780894e-02,        +6.086179794412e+00,        -3.379725107249e+00,        +7.071067811865e+00,        +6.066114179817e+00,        -3.408256620178e+00,        +4.792456400936e-02,        +7.937443780892e-02,        +7.322840284711e+00,        -4.994694608718e-01,        +4.182363335221e-02,        +2.356119691494e-01,        +7.071067811865e+00,        +4.836895536169e-02,        +7.846182253443e-02,        +6.086179794412e+00,        -3.379725107249e+00,        +4.182363335222e-02,        +2.356119691494e-01,        +7.310220793547e+00,        -4.632077903241e-01
 2.21000000e+02,        +7.071067811865e+00,        +6.633084762970e+00,        -9.514078147722e-02,        +1.976058458205e-01,        +1.185614159381e-01,        +6.022810180135e+00,        -3.479261897887e+00,        +5.134592836233e-02,        +7.965365439526e-02,        +7.071067811865e+00,        +1.976058458205e-01,        +1.185614159381e-01,        +6.669687438670e+00,        -9.322034899848e-02,        +5.090842236108e-02,        +8.061518203949e-02,        +6.043828905128e+00,        -3.450316029964e+00,        +7.071067811865e+00,        +6.022810180135e+00,        -3.479261897887e+00,        +5.090842236110e-02,        +8.061518203950e-02,        +7.328729759071e+00,        -5.179163763291e-01,        +4.343409044047e-02,        +2.411902948007e-01,        +7.071067811865e+00,        +5.134592836227e-02,        +7.965365439530e-02,        +6.043828905128e+00,        -3.450316029964e+00,        +4.343409044040e-02,        +2.411902948007e-01,        +7.315755810167e+00,        -4.803836097942e-01
 2.26000000e+02,        +7.071067811865e+00,        +6.613408036333e+00,        -8.664348654850e-02,        +2.045085712962e-01,        +1.167373038303e-01,        +5.978570383752e+00,        -3.549731777013e+00,        +5.440189998431e-02,        +8.078252937326e-02,        +7.071067811865e+00,        +2.045085712962e-01,        +1.167373038303e-01,        +6.651344107012e+00,        -8.566512129984e-02,        +5.397352653531e-02,        +8.179364542962e-02,        +6.000565285941e+00,        -3.520392699575e+00,        +7.071067811865e+00,        +5.978570383752e+00,        -3.549731777013e+00,        +5.397352653532e-02,        +8.179364542962e-02,        +7.334512969438e+00,        -5.367329051130e-01,        +4.509601383977e-02,        +2.467742896215e-01,        +7.071067811865e+00,        +5.440189998432e-02,        +8.078252937328e-02,        +6.000565285941e+00,        -3.520392699575e+00,        +4.509601383978e-02,        +2.467742896215e-01,        +7.321193290864e+00,        -4.979054930981e-01
 2.31000000e+02,        +7.071067811865e+00,        +6.593585366147e+00,        -7.746491582705e-02,        +2.114259036225e-01,        +1.146461248993e-01,        +5.933398790480e+00,        -3.619651615926e+00,        +5.753655319909e-02,        +8.184559445802e-02,        +7.071067811865e+00,        +2.114259036225e-01,        +1.146461248993e-01,        +6.632851948809e+00,        -7.748687132128e-02,        +5.711964461133e-02,        +8.290686602580e-02,        +5.956392736203e+00,        -3.589941404566e+00,        +7.071067811865e+00,        +5.933398790480e+00,        -3.619651615926e+00,        +5.711964461133e-02,        +8.290686602578e-02,        +7.340177280316e+00,        -5.559203269055e-01,        +4.681028090285e-02,        +2.523633606200e-01,        +7.071067811865e+00,        +5.753655319909e-02,        +8.184559445799e-02,        +5.956392736203e+00,        -3.589941404566e+00,        +4.681028090286e-02,        +2.523633606199e-01,        +7.326521556076e+00,        -5.157747533472e-01
 2.36000000e+02,        +7.071067811865e+00,        +6.573636794863e+00,        -6.759717659731e-02,        +2.183491131185e-01,        +1.122853979912e-01,        +5.887299697039e+00,        -3.689006663571e+00,        +6.074948495072e-02,        +8.283995093682e-02,        +7.071067811865e+00,        +2.183491131185e-01,        +1.122853979912e-01,        +6.614228965040e+00,        -6.867803417834e-02,        +6.034645483041e-02,        +8.395182987204e-02,        +5.911315315705e+00,        -3.658948338694e+00,        +7.071067811865e+00,        +5.887299697039e+00,        -3.689006663571e+00,        +6.034645483041e-02,        +8.395182987199e-02,        +7.345709943817e+00,        -5.754795372422e-01,        +4.857775603509e-02,        +2.579568682185e-01,        +7.071067811865e+00,        +6.074948495076e-02,        +8.283995093684e-02,        +5.911315315705e+00,        -3.658948338694e+00,        +4.857775603513e-02,        +2.579568682185e-01,        +7.331728820242e+00,        -5.339923547494e-01
 2.41000000e+02,        +7.071067811865e+00,        +6.553582667196e+00,        -5.703289273345e-02,        +2.252693240202e-01,        +1.096528751566e-01,        +5.840277704502e+00,        -3.757782067326e+00,        +6.404020332799e-02,        +8.376265784829e-02,        +7.071067811865e+00,        +2.252693240202e-01,        +1.096528751566e-01,        +6.595493436289e+00,        -5.923149472984e-02,        +6.365354245752e-02,        +8.492547449467e-02,        +5.865337350761e+00,        -3.727399607507e+00,        +7.071067811865e+00,        +5.840277704502e+00,        -3.757782067326e+00,        +6.365354245748e-02,        +8.492547449469e-02,        +7.351098112481e+00,        -5.954110423072e-01,        +5.039928800553e-02,        +2.635541262478e-01,        +7.071067811865e+00,        +6.404020332798e-02,        +8.376265784836e-02,        +5.865337350761e+00,        -3.727399607507e+00,        +5.039928800552e-02,        +2.635541262479e-01,        +7.336803203400e+00,        -5.525589080226e-01
 2.46000000e+02,        +7.071067811865e+00,        +6.533443620064e+00,        -4.576521583965e-02,        +2.321775192324e-01,        +1.067465472167e-01,        +5.792337725547e+00,        -3.825962881246e+00,        +6.740812499697e-02,        +8.461073554740e-02,        +7.071067811865e+00,        +2.321775192324e-01,        +1.067465472167e-01,        +6.576663914749e+00,        -4.914059722562e-02,        +6.704039689587e-02,        +8.582469251141e-02,        +5.818463440125e+00,        -3.795281235172e+00,        +7.071067811865e+00,        +5.792337725547e+00,        -3.825962881246e+00,        +6.704039689589e-02,        +8.582469251143e-02,        +7.356328852267e+00,        -6.157149541849e-01,        +5.227570719858e-02,        +2.691544021533e-01,        +7.071067811865e+00,        +6.740812499699e-02,        +8.461073554742e-02,        +5.818463440125e+00,        -3.795281235172e+00,        +5.227570719860e-02,        +2.691544021534e-01,        +7.341732742901e+00,        -5.714746662254e-01
 2.51000000e+02,        +7.071067811865e+00,        +6.513240572056e+00,        -3.378783616398e-02,        +2.390645452161e-01,        +1.035646491783e-01,        +5.743484991448e+00,        -3.893534074688e+00,        +7.085257289851e-02,        +8.538116936956e-02,        +7.071067811865e+00,        +2.390645452161e-01,        +1.035646491783e-01,        +6.557759215846e+00,        -3.839915478108e-02,        +7.050640906266e-02,        +8.664633535103e-02,        +5.770698460707e+00,        -3.862579171590e+00,        +7.071067811865e+00,        +5.743484991448e+00,        -3.893534074688e+00,        +7.050640906265e-02,        +8.664633535104e-02,        +7.361389155715e+00,        -6.363909865844e-01,        +5.420782281655e-02,        +2.747569174141e-01,        +7.071067811865e+00,        +7.085257289853e-02,        +8.538116936957e-02,        +5.770698460707e+00,        -3.862579171590e+00,        +5.420782281658e-02,        +2.747569174142e-01,        +7.346505405234e+00,        -5.907395210144e-01
 2.56000000e+02,        +7.071067811865e+00,        +6.492994712429e+00,        -2.109499326104e-02,        +2.459211169939e-01,        +1.001056654843e-01,        +5.693725058788e+00,        -3.960480541303e+00,        +7.437277421831e-02,        +8.607091338081e-02,        +7.071067811865e+00,        +2.459211169939e-01,        +1.001056654843e-01,        +6.538798409521e+00,        -2.700145866141e-02,        +7.405086903461e-02,        +8.738721707123e-02,        +5.722047573042e+00,        -3.929279299792e+00,        +7.071067811865e+00,        +5.693725058788e+00,        -3.960480541303e+00,        +7.405086903463e-02,        +8.738721707128e-02,        +7.366265955272e+00,        -6.574384510509e-01,        +5.619642004394e-02,        +2.803608481787e-01,        +7.071067811865e+00,        +7.437277421833e-02,        +8.607091338081e-02,        +5.722047573042e+00,        -3.929279299792e+00,        +5.619642004397e-02,        +2.803608481787e-01,        +7.351109097989e+00,        -6.103529993383e-01
 2.61000000e+02,        +7.071067811865e+00,        +6.472727489678e+00,        -7.681486377803e-03,        +2.527378232579e-01,        +9.636833508292e-02,        +5.643063815844e+00,        -4.026787108388e+00,        +7.796785863839e-02,        +8.667689419904e-02,        +7.071067811865e+00,        +2.527378232579e-01,        +9.636833508293e-02,        +6.519800811178e+00,        -1.494228735719e-02,        +7.767296397581e-02,        +8.804411825714e-02,        +5.672516226505e+00,        -3.995367443625e+00,        +7.071067811865e+00,        +5.643063815844e+00,        -4.026787108388e+00,        +7.767296397581e-02,        +8.804411825714e-02,        +7.370946136783e+00,        -6.788562536839e-01,        +5.824225718308e-02,        +2.859653261213e-01,        +7.071067811865e+00,        +7.796785863842e-02,        +8.667689419901e-02,        +5.672516226505e+00,        -3.995367443625e+00,        +5.824225718311e-02,        +2.859653261212e-01,        +7.355531681927e+00,        -6.303142605789e-01
 2.66000000e+02,        +7.071067811865e+00,        +6.452460599702e+00,        +6.457315463720e-03,        +2.595051315549e-01,        +9.235165630018e-02,        +5.591507488623e+00,        -4.092438546579e+00,        +8.163685688008e-02,        +8.719601486917e-02,        +7.071067811865e+00,        +2.595051315549e-01,        +9.235165630016e-02,        +6.500785972340e+00,        -2.216915435455e-03,        +8.137177635729e-02,        +8.861378998021e-02,        +5.622110164220e+00,        -4.060829375688e+00,        +7.071067811865e+00,        +5.591507488623e+00,        -4.092438546579e+00,        +8.137177635729e-02,        +8.861378998027e-02,        +7.375416553131e+00,        -7.006428923828e-01,        +6.034606277240e-02,        +2.915694395259e-01,        +7.071067811865e+00,        +8.163685688007e-02,        +8.719601486916e-02,        +5.622110164220e+00,        -4.060829375688e+00,        +6.034606277242e-02,        +2.915694395259e-01,        +7.359760983164e+00,        -6.506220941586e-01
 2.71000000e+02,        +7.071067811865e+00,        +6.432215973590e+00,        +2.132546371387e-02,        +2.662133935235e-01,        +8.805489150193e-02,        +5.539062646479e+00,        -4.157419579870e+00,        +8.537869954912e-02,        +8.762515877287e-02,        +7.071067811865e+00,        +2.662133935234e-01,        +8.805489150194e-02,        +6.481773671043e+00,        +1.117887785350e-02,        +8.514628248018e-02,        +8.909295779673e-02,        +5.570835427632e+00,        -4.125650825521e+00,        +7.071067811865e+00,        +5.539062646479e+00,        -4.157419579870e+00,        +8.514628248022e-02,        +8.909295779673e-02,        +7.379664038014e+00,        -7.227964546399e-01,        +6.250853269793e-02,        +2.971722346049e-01,        +7.071067811865e+00,        +8.537869954912e-02,        +8.762515877282e-02,        +5.570835427632e+00,        -4.125650825521e+00,        +6.250853269794e-02,        +2.971722346048e-01,        +7.363784805455e+00,        -6.712749176252e-01
 2.76000000e+02,        +7.071067811865e+00,        +6.412015765077e+00,        +3.692642089982e-02,        +2.728528501477e-01,        +8.347757153223e-02,        +5.485736207307e+00,        -4.221714895924e+00,        +8.919221629357e-02,        +8.796119355142e-02,        +7.071067811865e+00,        +2.728528501477e-01,        +8.347757153223e-02,        +6.462783901977e+00,        +2.524880022943e-02,        +8.899535131077e-02,        +8.947832575908e-02,        +5.518698360722e+00,        -4.189817488009e+00,        +7.071067811865e+00,        +5.485736207307e+00,        -4.221714895924e+00,        +8.899535131079e-02,        +8.947832575911e-02,        +7.383675419843e+00,        -7.453146159028e-01,        +6.473032730982e-02,        +3.027727170604e-01,        +7.071067811865e+00,        +8.919221629360e-02,        +8.796119355144e-02,        +5.518698360722e+00,        -4.189817488009e+00,        +6.473032730983e-02,        +3.027727170603e-01,        +7.367590942569e+00,        -6.922707752322e-01
 2.81000000e+02,        +7.071067811865e+00,        +6.391882337686e+00,        +5.326305161405e-02,        +2.794136369911e-01,        +7.861949991983e-02,        +5.431535442250e+00,        -4.285309156657e+00,        +9.307613528527e-02,        +8.820097501769e-02,        +7.071067811865e+00,        +2.794136369911e-01,        +7.861949991983e-02,        +6.443836866437e+00,        +3.999603831291e-02,        +9.291774363594e-02,        +8.976658041544e-02,        +5.465705613810e+00,        -4.253315031992e+00,        +7.071067811865e+00,        +5.431535442250e+00,        -4.285309156657e+00,        +9.291774363593e-02,        +8.976658041546e-02,        +7.387437535719e+00,        -7.681946385253e-01,        +6.701206855685e-02,        +3.083698539006e-01,        +7.071067811865e+00,        +9.307613528527e-02,        +8.820097501766e-02,        +5.465705613810e+00,        -4.253315031992e+00,        +6.701206855685e-02,        +3.083698539005e-01,        +7.371167190726e+00,        -7.136073370312e-01
 2.86000000e+02,        +7.071067811865e+00,        +6.371838251622e+00,        +7.033761391293e-02,        +2.858857893670e-01,        +7.348075684793e-02,        +5.376467979886e+00,        -4.348187009052e+00,        +9.702908303582e-02,        +8.834135103121e-02,        +7.071067811865e+00,        +2.858857893670e-01,        +7.348075684795e-02,        +6.424952962103e+00,        +5.542324984982e-02,        +9.691211154631e-02,        +8.995439476771e-02,        +5.411864146936e+00,        -4.316129109035e+00,        +7.071067811865e+00,        +5.376467979886e+00,        -4.348187009052e+00,        +9.691211154627e-02,        +8.995439476768e-02,        +7.390937245490e+00,        -7.914333713257e-01,        +6.935433715344e-02,        +3.139625755216e-01,        +7.071067811865e+00,        +9.702908303583e-02,        +8.834135103124e-02,        +5.411864146936e+00,        -4.316129109035e+00,        +6.935433715345e-02,        +3.139625755216e-01,        +7.374501361099e+00,        -7.352818984897e-01
 2.91000000e+02,        +7.071067811865e+00,        +6.351906250448e+00,        +8.815175114961e-02,        +2.922592473988e-01,        +6.806170288774e-02,        +5.320541809877e+00,        -4.410333096154e+00,        +1.010495845582e-01,        +8.837916530732e-02,        +7.071067811865e+00,        +2.922592473989e-01,        +6.806170288776e-02,        +6.406152772692e+00,        +7.153255624590e-02,        +1.009769982527e-01,        +9.003843215884e-02,        +5.357181232776e+00,        -4.378245362324e+00,        +7.071067811865e+00,        +5.320541809877e+00,        -4.410333096154e+00,        +1.009769982527e-01,        +9.003843215881e-02,        +7.394161445829e+00,        -8.150272497673e-01,        +7.175766979584e-02,        +3.195497780689e-01,        +7.071067811865e+00,        +1.010495845582e-01,        +8.837916530732e-02,        +5.357181232776e+00,        -4.378245362324e+00,        +7.175766979587e-02,        +3.195497780689e-01,        +7.377581292328e+00,        -7.572913806519e-01
 2.96000000e+02,        +7.071067811865e+00,        +6.332109247619e+00,        +1.067064842627e-01,        +2.985238609198e-01,        +6.236298250189e-02,        +5.263765286021e+00,        -4.471732068212e+00,        +1.051360638852e-01,        +8.831126112843e-02,        +7.071067811865e+00,        +2.985238609198e-01,        +6.236298250190e-02,        +6.387457057543e+00,        +8.832553542316e-02,        +1.051108382425e-01,        +9.001535005847e-02,        +5.301664459061e+00,        -4.439649435651e+00,        +7.071067811865e+00,        +5.263765286021e+00,        -4.471732068212e+00,        +1.051108382426e-01,        +9.001535005846e-02,        +7.397097084315e+00,        -8.389722967747e-01,        +7.422255644767e-02,        +3.251303260935e-01,        +7.071067811865e+00,        +1.051360638852e-01,        +8.831126112843e-02,        +5.301664459061e+00,        -4.439649435651e+00,        +7.422255644764e-02,        +3.251303260935e-01,        +7.380394863050e+00,        -7.796323308552e-01
 3.01000000e+02,        +7.071067811865e+00,        +6.312470312918e+00,        +1.260022045368e-01,        +3.046693941575e-01,        +5.638552732882e-02,        +5.206147128707e+00,        -4.532368593893e+00,        +1.092868449562e-01,        +8.813448492122e-02,        +7.071067811865e+00,        +3.046693941575e-01,        +5.638552732882e-02,        +6.368886741171e+00,        +1.058032150110e-01,        +1.093119577814e-01,        +8.988180371224e-02,        +5.245321730495e+00,        -4.500326982426e+00,        +7.071067811865e+00,        +5.206147128707e+00,        -4.532368593893e+00,        +1.093119577814e-01,        +8.988180371225e-02,        +7.399731173474e+00,        -8.632641241972e-01,        +7.674943771845e-02,        +3.307030555184e-01,        +7.071067811865e+00,        +1.092868449562e-01,        +8.813448492122e-02,        +5.245321730495e+00,        -4.500326982426e+00,        +7.674943771844e-02,        +3.307030555184e-01,        +7.382930004405e+00,        -8.023009240182e-01
 3.06000000e+02,        +7.071067811865e+00,        +6.293012658888e+00,        +1.460386668457e-01,        +3.106855301470e-01,        +5.013055926567e-02,        +5.147696426734e+00,        -4.592227371524e+00,        +1.135001528833e-01,        +8.784568965877e-02,        +7.071067811865e+00,        +3.106855301470e-01,        +5.013055926568e-02,        +6.350462902876e+00,        +1.239660658760e-01,        +1.135785757674e-01,        +8.963444961832e-02,        +5.188161270129e+00,        -4.560263674677e+00,        +7.071067811865e+00,        +5.147696426734e+00,        -4.592227371524e+00,        +1.135785757675e-01,        +8.963444961832e-02,        +7.402050804752e+00,        -8.878979349266e-01,        +7.933870236352e-02,        +3.362667769310e-01,        +7.071067811865e+00,        +1.135001528833e-01,        +8.784568965874e-02,        +5.188161270129e+00,        -4.560263674677e+00,        +7.933870236350e-02,        +3.362667769310e-01,        +7.385174712486e+00,        -8.252929645130e-01
 3.11000000e+02,        +7.071067811865e+00,        +6.273759627330e+00,        +1.668149833785e-01,        +3.165618748128e-01,        +4.359959337205e-02,        +5.088422638484e+00,        -4.651293140284e+00,        +1.177741156077e-01,        +8.744173804081e-02,        +7.071067811865e+00,        +3.165618748128e-01,        +4.359959337205e-02,        +6.332206766461e+00,        +1.428139959912e-01,        +1.179088049447e-01,        +8.926994878917e-02,        +5.130191620193e+00,        -4.619445211970e+00,        +7.071067811865e+00,        +5.088422638484e+00,        -4.651293140284e+00,        +1.179088049447e-01,        +8.926994878917e-02,        +7.404043162378e+00,        -9.128685256786e-01,        +8.199068493802e-02,        +3.418202792163e-01,        +7.071067811865e+00,        +1.177741156077e-01,        +8.744173804082e-02,        +5.130191620193e+00,        -4.619445211970e+00,        +8.199068493804e-02,        +3.418202792163e-01,        +7.387117060709e+00,        -8.486038886375e-01
 3.16000000e+02,        +7.071067811865e+00,        +6.254734675958e+00,        +1.883296178403e-01,        +3.222879606536e-01,        +3.679444062324e-02,        +5.028335592453e+00,        -4.709550691281e+00,        +1.221067659534e-01,        +8.691950539852e-02,        +7.071067811865e+00,        +3.222879606535e-01,        +3.679444062327e-02,        +6.314139690149e+00,        +1.623463446342e-01,        +1.223006534828e-01,        +8.878496975068e-02,        +5.071421642364e+00,        -4.677857330187e+00,        +7.071067811865e+00,        +5.028335592453e+00,        -4.709550691281e+00,        +1.223006534828e-01,        +8.878496975067e-02,        +7.405695537071e+00,        -9.381702904444e-01,        +8.470566364252e-02,        +3.473623335436e-01,        +7.071067811865e+00,        +1.221067659534e-01,        +8.691950539852e-02,        +5.071421642364e+00,        -4.677857330187e+00,        +8.470566364252e-02,        +3.473623335436e-01,        +7.388745212073e+00,        -8.722287677016e-01
 3.21000000e+02,        +7.071067811865e+00,        +6.235961365313e+00,        +2.105803801064e-01,        +3.278532499615e-01,        +2.971721054792e-02,        +4.967445487108e+00,        -4.766984878449e+00,        +1.264960440848e-01,        +8.627588226295e-02,        +7.071067811865e+00,        +3.278532499615e-01,        +2.971721054790e-02,        +6.296283156788e+00,        +1.825618768918e-01,        +1.267520269269e-01,        +8.817619122277e-02,        +5.011860517473e+00,        -4.735485810101e+00,        +7.071067811865e+00,        +4.967445487108e+00,        -4.766984878449e+00,        +1.267520269269e-01,        +8.817619122277e-02,        +7.406995339573e+00,        -9.637972246219e-01,        +8.748385840245e-02,        +3.528916977169e-01,        +7.071067811865e+00,        +1.264960440849e-01,        +8.627588226295e-02,        +5.011860517473e+00,        -4.735485810101e+00,        +8.748385840248e-02,        +3.528916977169e-01,        +7.390047431256e+00,        -8.961623117433e-01
 3.26000000e+02,        +7.071067811865e+00,        +6.217463346024e+00,        +2.335644212945e-01,        +3.332471375005e-01,        +2.237031379315e-02,        +4.905762890105e+00,        -4.823580629173e+00,        +1.309398003673e-01,        +8.550777652836e-02,        +7.071067811865e+00,        +3.332471375005e-01,        +2.237031379316e-02,        +6.278658764441e+00,        +2.034587784392e-01,        +1.312607305198e-01,        +8.744030441808e-02,        +4.951517744650e+00,        -4.792316485660e+00,        +7.071067811865e+00,        +4.905762890105e+00,        -4.823580629173e+00,        +1.312607305198e-01,        +8.744030441809e-02,        +7.407930113944e+00,        -9.897429298351e-01,        +9.032542922704e-02,        +3.584071208962e-01,        +7.071067811865e+00,        +1.309398003673e-01,        +8.550777652837e-02,        +4.951517744650e+00,        -4.792316485660e+00,        +9.032542922703e-02,        +3.584071208961e-01,        +7.391012096520e+00,        -9.203988738891e-01
 3.31000000e+02,        +7.071067811865e+00,        +6.199264346544e+00,        +2.572782292065e-01,        +3.384589525584e-01,        +1.475646466967e-02,        +4.843298736852e+00,        -4.879322954575e+00,        +1.354357986246e-01,        +8.461211513432e-02,        +7.071067811865e+00,        +3.384589525584e-01,        +1.475646466967e-02,        +6.261288217457e+00,        +2.250346505404e-01,        +1.358244718923e-01,        +8.657401488468e-02,        +4.890403139900e+00,        -4.848335251926e+00,        +7.071067811865e+00,        +4.843298736852e+00,        -4.879322954575e+00,        +1.358244718923e-01,        +8.657401488469e-02,        +7.408487550580e+00,        -1.016000619453e+00,        +9.323047489783e-02,        +3.639073486935e-01,        +7.071067811865e+00,        +1.354357986246e-01,        +8.461211513436e-02,        +4.890403139900e+00,        -4.848335251926e+00,        +9.323047489784e-02,        +3.639073486935e-01,        +7.391627711372e+00,        -9.449324553748e-01
 3.36000000e+02,        +7.071067811865e+00,        +6.181388161456e+00,        +2.817176240745e-01,        +3.434779602837e-01,        +6.878683742355e-03,        +4.780064328436e+00,        -4.934196959370e+00,        +1.399817197811e-01,        +8.358584518221e-02,        +7.071067811865e+00,        +3.434779602837e-01,        +6.878683742346e-03,        +6.244193318144e+00,        +2.472865052055e-01,        +1.404408641090e-01,        +8.557404381165e-02,        +4.828526834138e+00,        -4.903528072565e+00,        +7.071067811865e+00,        +4.780064328436e+00,        -4.934196959370e+00,        +1.404408641090e-01,        +8.557404381168e-02,        +7.408655498902e+00,        -1.042563124818e+00,        +9.619903203944e-02,        +3.693911286434e-01,        +7.071067811865e+00,        +1.399817197812e-01,        +8.358584518220e-02,        +4.828526834138e+00,        -4.903528072565e+00,        +9.619903203948e-02,        +3.693911286434e-01,        +7.391882915921e+00,        -9.697567112394e-01
 3.41000000e+02,        +7.071067811865e+00,        +6.163858640470e+00,        +3.068777545273e-01,        +3.482933622058e-01,        -1.259699452369e-03,        +4.716071328944e+00,        -4.988187851201e+00,        +1.445751658645e-01,        +8.242593439473e-02,        +7.071067811865e+00,        +3.482933622058e-01,        -1.259699452361e-03,        +6.227395959147e+00,        +2.702107604172e-01,        +1.451074290487e-01,        +8.443712870598e-02,        +4.765899270686e+00,        -4.957880986815e+00,        +7.071067811865e+00,        +4.716071328944e+00,        -4.988187851201e+00,        +1.451074290488e-01,        +8.443712870598e-02,        +7.408421979659e+00,        -1.069422902194e+00,        +9.923107462964e-02,        +3.748572160453e-01,        +7.071067811865e+00,        +1.445751658645e-01,        +8.242593439472e-02,        +4.765899270686e+00,        -4.957880986815e+00,        +9.923107462969e-02,        +3.748572160453e-01,        +7.391766497885e+00,        -9.948649567047e-01
 3.46000000e+02,        +7.071067811865e+00,        +6.146699678235e+00,        +3.327530936777e-01,        +3.528942958318e-01,        -9.655043462136e-03,        +4.651331762183e+00,        -5.041280949351e+00,        +1.492136643365e-01,        +8.112937081938e-02,        +7.071067811865e+00,        +3.528942958318e-01,        -9.655043462136e-03,        +6.210918116648e+00,        +2.938032353214e-01,        +1.498216010867e-01,        +8.316002334128e-02,        +4.702531202261e+00,        -5.011380115818e+00,        +7.071067811865e+00,        +4.651331762183e+00,        -5.041280949351e+00,        +1.498216010867e-01,        +8.316002334128e-02,        +7.407775196754e+00,        -1.096572040436e+00,        +1.023265140091e-01,        +3.803043801705e-01,        +7.071067811865e+00,        +1.492136643365e-01,        +8.112937081939e-02,        +4.702531202261e+00,        -5.011380115818e+00,        +1.023265140091e-01,        +3.803043801705e-01,        +7.391267403160e+00,        -1.020250174250e+00
