        f (GHz),             |S[1][1]| (dB),        arg(S[1][1]) (deg.),             |S[2][1]| (dB),        arg(S[2][1]) (deg.),             |S[3][1]| (dB),        arg(S[3][1]) (deg.),             |S[4][1]| (dB),        arg(S[4][1]) (deg.),             |S[1][2]| (dB),        arg(S[1][2]) (deg.),             |S[2][2]| (dB),        arg(S[2][2]) (deg.),             |S[3][2]| (dB),        arg(S[3][2]) (deg.),             |S[4][2]| (dB),        arg(S[4][2]) (deg.),             |S[1][3]| (dB),        arg(S[1][3]) (deg.),             |S[2][3]| (dB),        arg(S[2][3]) (deg.),             |S[3][3]| (dB),        arg(S[3][3]) (deg.),             |S[4][3]| (dB),        arg(S[4][3]) (deg.),             |S[1][4]| (dB),        arg(S[1][4]) (deg.),             |S[2][4]| (dB),        arg(S[2][4]) (deg.),             |S[3][4]| (dB),        arg(S[3][4]) (deg.),             |S[4][4]| (dB),        arg(S[4][4]) (deg.)
 1.00000000e+00,        -4.647328735729e+01,        +5.898276716729e-01,        -6.162692237547e+01,        +1.430779471710e+01,        -4.191447142964e-02,        -1.615588232957e-01,        -6.202701770833e+01,        +1.779572335992e+02,        -6.162692237353e+01,        +1.430779470152e+01,        -4.648806145278e+01,        +6.037588151171e-01,        -6.202697507531e+01,        +1.779569853781e+02,        -4.187155629299e-02,        -1.599467399552e-01,        -4.191447142963e-02,        -1.615588232962e-01,        -6.202697507265e+01,        +1.779569853665e+02,        -4.646831761858e+01,        +5.617424823120e-01,        -6.161545427156e+01,        +1.470172436555e+01,        -6.202701770323e+01,        +1.779572335958e+02,        -4.187155629317e-02,        -1.599467399550e-01,        -6.161545427597e+01,        +1.470172437813e+01,        -4.648356525204e+01,        +5.801551516261e-01
 6.00000000e+00,        -4.601121709332e+01,        -5.937022171576e+00,        -5.666448001974e+01,        +4.846045342214e+01,        -4.874946699505e-02,        -8.736329458979e-01,        -6.124047685894e+01,        +1.692246473310e+02,        -5.666448001967e+01,        +4.846045342106e+01,        -4.606843325850e+01,        -5.104262321468e+00,        -6.123847978439e+01,        +1.692591366547e+02,        -4.866412049941e-02,        -8.656539244431e-01,        -4.874946699504e-02,        -8.736329458980e-01,        -6.123847978408e+01,        +1.692591366541e+02,        -4.583623789211e+01,        -5.804666664644e+00,        -5.659806063078e+01,        +5.008238950829e+01,        -6.124047685928e+01,        +1.692246473318e+02,        -4.866412049941e-02,        -8.656539244424e-01,        -5.659806063077e+01,        +5.008238950674e+01,        -4.590650745470e+01,        -4.955450529773e+00
 1.10000000e+01,        -4.549943073351e+01,        -1.209005928666e+01,        -5.313168915566e+01,        +5.865684623551e+01,        -5.310902917187e-02,        -1.568435604870e+00,        -6.000038340798e+01,        +1.591043553820e+02,        -5.313168915578e+01,        +5.865684623577e+01,        -4.558509505334e+01,        -1.052265881326e+01,        -5.999446203322e+01,        +1.591345244149e+02,        -5.298417254264e-02,        -1.553897365619e+00,        -5.310902917188e-02,        -1.568435604870e+00,        -5.999446203334e+01,        +1.591345244133e+02,        -4.498123032353e+01,        -1.172471982390e+01,        -5.305466577313e+01,        +6.135159553293e+01,        -6.000038340783e+01,        +1.591043553838e+02,        -5.298417254264e-02,        -1.553897365619e+00,        -5.305466577326e+01,        +6.135159553326e+01,        -4.509955216449e+01,        -1.021562618303e+01
 1.60000000e+01,        -4.484935514805e+01,        -1.937286857003e+01,        -5.061502263450e+01,        +6.294839054694e+01,        -5.716960963057e-02,        -2.254963255714e+00,        -5.858117440915e+01,        +1.491840671076e+02,        -5.061502263453e+01,        +6.294839054689e+01,        -4.497590778397e+01,        -1.721424057209e+01,        -5.857285079631e+01,        +1.492144038803e+02,        -5.699300487128e-02,        -2.234012495514e+00,        -5.716960963057e-02,        -2.254963255714e+00,        -5.857285079629e+01,        +1.492144038799e+02,        -4.392003901580e+01,        -1.805497607581e+01,        -5.053189853623e+01,        +6.678150125683e+01,        -5.858117440913e+01,        +1.491840671081e+02,        -5.699300487129e-02,        -2.234012495514e+00,        -5.053189853626e+01,        +6.678150125690e+01,        -4.409810267350e+01,        -1.612291688778e+01
 2.10000000e+01,        -4.418801207641e+01,        -2.724120696695e+01,        -4.869870528889e+01,        +6.513183298780e+01,        -6.076593524809e-02,        -2.935041360866e+00,        -5.720099210269e+01,        +1.403532732838e+02,        -4.869870528884e+01,        +6.513183298786e+01,        -4.436866038920e+01,        -2.462494940505e+01,        -5.719081507631e+01,        +1.403927717578e+02,        -6.053922670128e-02,        -2.907776042109e+00,        -6.076593524810e-02,        -2.935041360866e+00,        -5.719081507636e+01,        +1.403927717586e+02,        -4.282192355264e+01,        -2.412846361722e+01,        -4.860522722987e+01,        +7.010511686417e+01,        -5.720099210263e+01,        +1.403532732833e+02,        -6.053922670129e-02,        -2.907776042109e+00,        -4.860522722983e+01,        +7.010511686420e+01,        -4.306301511561e+01,        -2.196684180869e+01
 2.60000000e+01,        -4.353939741195e+01,        -3.515715203486e+01,        -4.714581987744e+01,        +6.635481027182e+01,        -6.383553080292e-02,        -3.611332330894e+00,        -5.592216986172e+01,        +1.328614598758e+02,        -4.714581987741e+01,        +6.635481027171e+01,        -4.378300146343e+01,        -3.220587741882e+01,        -5.591042516137e+01,        +1.329157802751e+02,        -6.356224280153e-02,        -3.577798627032e+00,        -6.383553080292e-02,        -3.611332330894e+00,        -5.591042516135e+01,        +1.329157802757e+02,        -4.174954040928e+01,        -2.951349023161e+01,        -4.704067905913e+01,        +7.245164401117e+01,        -5.592216986170e+01,        +1.328614598755e+02,        -6.356224280153e-02,        -3.577798627032e+00,        -4.704067905911e+01,        +7.245164401115e+01,        -4.204957137526e+01,        -2.726056931270e+01
 3.10000000e+01,        -4.290005061992e+01,        -4.283423415190e+01,        -4.583260491855e+01,        +6.701668234629e+01,        -6.646023702757e-02,        -4.285691791087e+00,        -5.475355269711e+01,        +1.265874694653e+02,        -4.583260491856e+01,        +6.701668234636e+01,        -4.321054883522e+01,        -3.965912541892e+01,        -5.474044479355e+01,        +1.266595347272e+02,        -6.614260675408e-02,        -4.245908154982e+00,        -6.646023702757e-02,        -4.285691791087e+00,        -5.474044479355e+01,        +1.266595347268e+02,        -4.072423454491e+01,        -3.409722005083e+01,        -4.571616121865e+01,        +7.422320330626e+01,        -5.475355269708e+01,        +1.265874694652e+02,        -6.614260675409e-02,        -4.245908154982e+00,        -4.571616121864e+01,        +7.422320330626e+01,        -4.107562652919e+01,        -3.184226995770e+01
 3.60000000e+01,        -4.226420408125e+01,        -5.014644016602e+01,        -4.469093157962e+01,        +6.729732425783e+01,        -6.875245653059e-02,        -4.959141754970e+00,        -5.368755562703e+01,        +1.213096563615e+02,        -4.469093157961e+01,        +6.729732425781e+01,        -4.264141124469e+01,        -4.684481338554e+01,        -5.367323709805e+01,        +1.214007531521e+02,        -6.839124773832e-02,        -4.913113794419e+00,        -6.875245653059e-02,        -4.959141754970e+00,        -5.367323709805e+01,        +1.214007531523e+02,        -3.975219200432e+01,        -3.792792874687e+01,        -4.456403114004e+01,        +7.560489468837e+01,        -5.368755562707e+01,        +1.213096563615e+02,        -6.839124773833e-02,        -4.913113794419e+00,        -4.456403114005e+01,        +7.560489468831e+01,        -4.014664375198e+01,        -3.572386869775e+01
 4.10000000e+01,        -4.162885803951e+01,        -5.705055772576e+01,        -4.367965898973e+01,        +6.729938483036e+01,        -7.080792978321e-02,        -5.632193237632e+00,        -5.271257055848e+01,        +1.168159461844e+02,        -4.367965898972e+01,        +6.729938483046e+01,        -4.206958556123e+01,        -5.370387775448e+01,        -5.269715135484e+01,        +1.169264646077e+02,        -7.040285736636e-02,        -5.579920492890e+00,        -7.080792978321e-02,        -5.632193237632e+00,        -5.269715135488e+01,        +1.169264646076e+02,        -3.883358768842e+01,        -4.110970607388e+01,        -4.354312542376e+01,        +7.670327916568e+01,        -5.271257055847e+01,        +1.168159461849e+02,        -7.040285736637e-02,        -5.579920492890e+00,        -4.354312542378e+01,        +7.670327916583e+01,        -3.926344755973e+01,        -3.898519522544e+01
 4.60000000e+01,        -4.099352364752e+01,        -6.354357629824e+01,        -4.277168325752e+01,        +6.709038363008e+01,        -7.269735259887e-02,        -6.305092623373e+00,        -5.181699566945e+01,        +1.129332445586e+02,        -4.277168325753e+01,        +6.709038363000e+01,        -4.149264894487e+01,        -6.021692765168e+01,        -5.180055197888e+01,        +1.130631044294e+02,        -7.224746493392e-02,        -6.246571244446e+00,        -7.269735259886e-02,        -6.305092623373e+00,        -5.180055197882e+01,        +1.130631044294e+02,        -3.796603047696e+01,        -4.375345569500e+01,        -4.262615629229e+01,        +7.758828677660e+01,        -5.181699566943e+01,        +1.129332445586e+02,        -7.224746493392e-02,        -6.246571244446e+00,        -4.262615629228e+01,        +7.758828677661e+01,        -3.842477949622e+01,        -4.172199975790e+01
 5.10000000e+01,        -4.035915834245e+01,        -6.964130473505e+01,        -4.194790430259e+01,        +6.671789943212e+01,        -7.447040424024e-02,        -6.977959877692e+00,        -5.099043880364e+01,        +1.095279846612e+02,        -4.194790430260e+01,        +6.671789943205e+01,        -4.091050745983e+01,        -6.638423196106e+01,        -5.097302145568e+01,        +1.096768686626e+02,        -7.397432631654e-02,        -6.913183557201e+00,        -7.447040424024e-02,        -6.977959877692e+00,        -5.097302145562e+01,        +1.096768686625e+02,        -3.714605929714e+01,        -4.595850472245e+01,        -4.179382013545e+01,        +7.830885137241e+01,        -5.099043880364e+01,        +1.095279846613e+02,        -7.397432631655e-02,        -6.913183557201e+00,        -4.179382013545e+01,        +7.830885137242e+01,        -3.762835500695e+01,        -4.402457575456e+01
 5.60000000e+01,        -3.972733863153e+01,        -7.536773559585e+01,        -4.119419547915e+01,        +6.621661208606e+01,        -7.616169181115e-02,        -7.650857762034e+00,        -5.022395099601e+01,        +1.064989938140e+02,        -4.119419547916e+01,        +6.621661208618e+01,        -4.032434928094e+01,        -7.221598443884e+01,        -5.020559232953e+01,        +1.066664719656e+02,        -7.561775907040e-02,        -7.579818001229e+00,        -7.616169181116e-02,        -7.650857762034e+00,        -5.020559232955e+01,        +1.066664719653e+02,        -3.636986760304e+01,        -4.780788131425e+01,        -4.103181479927e+01,        +7.890036350588e+01,        -5.022395099600e+01,        +1.064989938143e+02,        -7.561775907041e-02,        -7.579818001229e+00,        -4.103181479927e+01,        +7.890036350596e+01,        -3.687141266367e+01,        -4.597078632324e+01
 6.10000000e+01,        -3.909976876093e+01,        -8.074970629138e+01,        -4.049974206761e+01,        +6.561231173427e+01,        -7.779565413741e-02,        -8.323824479896e+00,        -4.950993640395e+01,        +1.037697923364e+02,        -4.049974206761e+01,        +6.561231173427e+01,        -3.973594985789e+01,        -7.772738597989e+01,        -4.949065541824e+01,        +1.039553871816e+02,        -7.720197760260e-02,        -8.246510634779e+00,        -7.779565413740e-02,        -8.323824479896e+00,        -4.949065541822e+01,        +1.039553871816e+02,        -3.563366880905e+01,        -4.936892703836e+01,        -4.032918798733e+01,        +7.938895657283e+01,        -4.950993640395e+01,        +1.037697923366e+02,        -7.720197760260e-02,        -8.246510634779e+00,        -4.032918798733e+01,        +7.938895657288e+01,        -3.615103267507e+01,        -4.762516861846e+01
 6.60000000e+01,        -3.847803122470e+01,        -8.581421809642e+01,        -3.985605243729e+01,        +6.492446971210e+01,        -7.939002864895e-02,        -8.996888348185e+00,        -4.884197178209e+01,        +1.012822304113e+02,        -3.985605243729e+01,        +6.492446971208e+01,        -3.914725521153e+01,        -8.293602688713e+01,        -4.882177785312e+01,        +1.014854502230e+02,        -7.874452056328e-02,        -8.913287628590e+00,        -7.939002864895e-02,        -8.996888348185e+00,        -4.882177785313e+01,        +1.014854502232e+02,        -3.493387655225e+01,        -5.069559980832e+01,        -3.967734505810e+01,        +7.979424581308e+01,        -4.884197178209e+01,        +1.012822304113e+02,        -7.874452056329e-02,        -8.913287628590e+00,        -3.967734505810e+01,        +7.979424581309e+01,        -3.546432408335e+01,        -4.904028354344e+01
 7.10000000e+01,        -3.786348209112e+01,        -9.058712604192e+01,        -3.925632792412e+01,        +6.416798470185e+01,        -8.095815461360e-02,        -9.670074008905e+00,        -4.821461902054e+01,        +9.899166981262e+01,        -3.925632792412e+01,        +6.416798470184e+01,        -3.856015054528e+01,        -8.786041993382e+01,        -4.819351455602e+01,        +9.921202464233e+01,        -8.025853269679e-02,        -9.580171490202e+00,        -8.095815461359e-02,        -9.670074008905e+00,        -4.819351455602e+01,        +9.921202464240e+01,        -3.426718519752e+01,        -5.183100826734e+01,        -3.906941205187e+01,        +8.013117147081e+01,        -4.821461902054e+01,        +9.899166981265e+01,        -8.025853269679e-02,        -9.580171490202e+00,        -3.906941205187e+01,        +8.013117147082e+01,        -3.480853041902e+01,        -5.025866541543e+01
 7.60000000e+01,        -3.725722446729e+01,        -9.509255067800e+01,        -3.869503928255e+01,        +6.335440205442e+01,        -8.251046262771e-02,        -1.034340481478e+01,        -4.762325801498e+01,        +9.686345604598e+01,        -3.869503928256e+01,        +6.335440205451e+01,        -3.797634367517e+01,        -9.251914543758e+01,        -4.760124036449e+01,        +9.710046466315e+01,        -8.175424350644e-02,        -1.024718347700e+01,        -8.251046262770e-02,        -1.034340481478e+01,        -4.760124036450e+01,        +9.710046466292e+01,        -3.363059623105e+01,        -5.280966501041e+01,        -3.849980537573e+01,        +8.041127216098e+01,        -4.762325801498e+01,        +9.686345604612e+01,        -8.175424350647e-02,        -1.024718347700e+01,        -3.849980537574e+01,        +8.041127216102e+01,        -3.418108412025e+01,        -5.131472228064e+01
 8.10000000e+01,        -3.666012013873e+01,        -9.935267218276e+01,        -3.816763021165e+01,        +6.249277865766e+01,        -8.405542898765e-02,        -1.101690357591e+01,        -4.706394597929e+01,        +9.487036470501e+01,        -3.816763021165e+01,        +6.249277865765e+01,        -3.739731641004e+01,        -9.693034323789e+01,        -4.704100883368e+01,        +9.512355680730e+01,        -8.323991671582e-02,        -1.091434436871e+01,        -8.405542898765e-02,        -1.101690357591e+01,        -4.704100883368e+01,        +9.512355680735e+01,        -3.302141583266e+01,        -5.365933246714e+01,        -3.796392972141e+01,        +8.064357876457e+01,        -4.706394597929e+01,        +9.487036470501e+01,        -8.323991671581e-02,        -1.091434436871e+01,        -3.796392972141e+01,        +8.064357876456e+01,        -3.357962925372e+01,        -5.223637087792e+01
 8.60000000e+01,        -3.607281721442e+01,        -1.033877240040e+02,        -3.767030334068e+01,        +6.159030336934e+01,        -8.560018834108e-02,        -1.169059266714e+01,        -4.653330179108e+01,        +9.299075446365e+01,        -3.767030334067e+01,        +6.159030336934e+01,        -3.682431443952e+01,        -1.011114128263e+02,        -4.650943623109e+01,        +9.325967055085e+01,        -8.472246120830e-02,        -1.158167459413e+01,        -8.560018834107e-02,        -1.169059266714e+01,        -4.650943623110e+01,        +9.325967055087e+01,        -3.243723781736e+01,        -5.440247981021e+01,        -3.745795973826e+01,        +8.083524966395e+01,        -4.653330179105e+01,        +9.299075446374e+01,        -8.472246120832e-02,        -1.158167459413e+01,        -3.745795973825e+01,        +8.083524966400e+01,        -3.300202516303e+01,        -5.304636851670e+01
 9.10000000e+01,        -3.549578225765e+01,        -1.072160859641e+02,        -3.719986201306e+01,        +6.065274659088e+01,        -8.715093108850e-02,        -1.236449393172e+01,        -4.602841174884e+01,        +9.120722475724e+01,        -3.719986201306e+01,        +6.065274659083e+01,        -3.625835782212e+01,        -1.050788439881e+02,        -4.600360704981e+01,        +9.149141496562e+01,        -8.620782835011e-02,        -1.224919414753e+01,        -8.715093108850e-02,        -1.236449393172e+01,        -4.600360704980e+01,        +9.149141496574e+01,        -3.187591991609e+01,        -5.505741342762e+01,        -3.697867862797e+01,        +8.099202721341e+01,        -4.602841174885e+01,        +9.120722475726e+01,        -8.620782835011e-02,        -1.224919414753e+01,        -3.697867862797e+01,        +8.099202721341e+01,        -3.244633911348e+01,        -5.376337019389e+01
 9.60000000e+01,        -3.492933137888e+01,        -1.108544218943e+02,        -3.675359107677e+01,        +5.968478927609e+01,        -8.871316576723e-02,        -1.303862855628e+01,        -4.554675289891e+01,        +8.950563259732e+01,        -3.675359107678e+01,        +5.968478927609e+01,        -3.570026145514e+01,        -1.088481316779e+02,        -4.552099716104e+01,        +8.980465520024e+01,        -8.770127505758e-02,        -1.291692247058e+01,        -8.871316576723e-02,        -1.303862855628e+01,        -4.552099716104e+01,        +8.980465520027e+01,        -3.133555783403e+01,        -5.563914847902e+01,        -3.652335662870e+01,        +8.111856937582e+01,        -4.554675289891e+01,        +8.950563259733e+01,        -8.770127505758e-02,        -1.291692247058e+01,        -3.652335662870e+01,        +8.111856937581e+01,        -3.191083302073e+01,        -5.440275781915e+01
 1.01000000e+02,        -3.437365798271e+01,        -1.143178320041e+02,        -3.632916564588e+01,        +5.869026615816e+01,        -9.029189648519e-02,        -1.371301697555e+01,        -4.508613053366e+01,        +8.787436559825e+01,        -3.632916564588e+01,        +5.869026615816e+01,        -3.515065939867e+01,        -1.124337460330e+02,        -4.505941118323e+01,        +8.818778553796e+01,        -8.920754220142e-02,        -1.358487836011e+01,        -9.029189648518e-02,        -1.371301697555e+01,        -4.505941118323e+01,        +8.818778553800e+01,        -3.081445950389e+01,        -5.616008058879e+01,        -3.608965813233e+01,        +8.121869336781e+01,        -4.508613053367e+01,        +8.787436559823e+01,        -8.920754220141e-02,        -1.358487836011e+01,        -3.608965813233e+01,        +8.121869336780e+01,        -3.139394742156e+01,        -5.497728817137e+01
 1.06000000e+02,        -3.382885649755e+01,        -1.176200043234e+02,        -3.592458033128e+01,        +5.767234744439e+01,        -9.189174637798e-02,        -1.438767881744e+01,        -4.464462705493e+01,        +8.630379890857e+01,        -3.592458033128e+01,        +5.767234744438e+01,        -3.461002964528e+01,        -1.158491384786e+02,        -4.461693124466e+01,        +8.663118654381e+01,        -9.073097907334e-02,        -1.425307991319e+01,        -9.189174637797e-02,        -1.438767881744e+01,        -4.461693124466e+01,        +8.663118654387e+01,        -3.031112078961e+01,        -5.663050518874e+01,        -3.567556975481e+01,        +8.129555670208e+01,        -4.464462705492e+01,        +8.630379890847e+01,        -9.073097907334e-02,        -1.425307991319e+01,        -3.567556975480e+01,        +8.129555670205e+01,        -3.089428460646e+01,        -5.549759961263e+01
 1.11000000e+02,        -3.329494219028e+01,        -1.207733574904e+02,        -3.553809370144e+01,        +5.663367600417e+01,        -9.351704618117e-02,        -1.506263288175e+01,        -4.422055995252e+01,        +8.478588523834e+01,        -3.553809370144e+01,        +5.663367600417e+01,        -3.407871754616e+01,        -1.191067710999e+02,        -4.419187487801e+01,        +8.512681538090e+01,        -9.227563287888e-02,        -1.492154450396e+01,        -9.351704618117e-02,        -1.506263288175e+01,        -4.419187487801e+01,        +8.512681538095e+01,        -2.982420322776e+01,        -5.705902124242e+01,        -3.527934398684e+01,        +8.135179326304e+01,        -4.422055995252e+01,        +8.478588523832e+01,        -9.227563287888e-02,        -1.492154450396e+01,        -3.527934398684e+01,        +8.135179326303e+01,        -3.041059204389e+01,        -5.597260977089e+01
 1.16000000e+02,        -3.277186748697e+01,        -1.237891715609e+02,        -3.516818423297e+01,        +5.557647208657e+01,        -9.517189968549e-02,        -1.573789714136e+01,        -4.381244711254e+01,        +8.331384214219e+01,        -3.516818423297e+01,        +5.557647208659e+01,        -3.355695705256e+01,        -1.222181605015e+02,        -4.378276025375e+01,        +8.366789339023e+01,        -9.384531496017e-02,        -1.559028878182e+01,        -9.517189968549e-02,        -1.573789714136e+01,        -4.378276025375e+01,        +8.366789339017e+01,        -2.935251401258e+01,        -5.745284718602e+01,        -3.489945458961e+01,        +8.138961676832e+01,        -4.381244711254e+01,        +8.331384214214e+01,        -9.384531496019e-02,        -1.559028878182e+01,        -3.489945458961e+01,        +8.138961676830e+01,        -2.994174672576e+01,        -5.640982928891e+01
 1.21000000e+02,        -3.225953531209e+01,        -1.266777059014e+02,        -3.481351503180e+01,        +5.450261413300e+01,        -9.686023335054e-02,        -1.641348875641e+01,        -4.341897803995e+01,        +8.188191111970e+01,        -3.481351503179e+01,        +5.450261413301e+01,        -3.304488947173e+01,        -1.251939300939e+02,        -4.338827733176e+01,        +8.224866544412e+01,        -9.544365098359e-02,        -1.625932868197e+01,        -9.686023335055e-02,        -1.641348875641e+01,        -4.338827733177e+01,        +8.224866544412e+01,        -2.889498821675e+01,        -5.781806998399e+01,        -3.453456095146e+01,        +8.141090034830e+01,        -4.341897803995e+01,        +8.188191111965e+01,        -9.544365098358e-02,        -1.625932868197e+01,        -3.453456095146e+01,        +8.141090034828e+01,        -2.948674074933e+01,        -5.681561087504e+01
 1.26000000e+02,        -3.175780994325e+01,        -1.294483044701e+02,        -3.447290531754e+01,        +5.341370181244e+01,        -9.858583461230e-02,        -1.708942409436e+01,        -4.303898986622e+01,        +8.048517032664e+01,        -3.447290531754e+01,        +5.341370181243e+01,        -3.254257973348e+01,        -1.280438666389e+02,        -4.300726380039e+01,        +8.086421282505e+01,        -9.707411960901e-02,        -1.692867944177e+01,        -9.858583461229e-02,        -1.708942409436e+01,        -4.300726380038e+01,        +8.086421282508e+01,        -2.845067312568e+01,        -5.815984294333e+01,        -3.418347935504e+01,        +8.141723847899e+01,        -4.303898986623e+01,        +8.048517032655e+01,        -9.707411960901e-02,        -1.692867944177e+01,        -3.418347935505e+01,        +8.141723847895e+01,        -2.904466825609e+01,        -5.719534829174e+01
 1.31000000e+02,        -3.126652582173e+01,        -1.321094893934e+02,        -3.414530717015e+01,        +5.231110567434e+01,        -1.003523817767e-01,        -1.776571875207e+01,        -4.267144723316e+01,        +7.911938771476e+01,        -3.414530717015e+01,        +5.231110567432e+01,        -3.205003031821e+01,        -1.307769782116e+02,        -4.263868489645e+01,        +7.951030641048e+01,        -9.874008253418e-02,        -1.759835561961e+01,        -1.003523817767e-01,        -1.776571875207e+01,        -4.263868489645e+01,        +7.951030641052e+01,        -2.801871450695e+01,        -5.848254401319e+01,        -3.384515962340e+01,        +8.140999576685e+01,        -4.267144723317e+01,        +7.911938771474e+01,        -9.874008253419e-02,        -1.759835561961e+01,        -3.384515962340e+01,        +8.140999576684e+01,        -2.861471373002e+01,        -5.755363640008e+01
 1.36000000e+02,        -3.078549469110e+01,        -1.346690439943e+02,        -3.382978640735e+01,        +5.119600657266e+01,        -1.021634674559e-01,        -1.844238757838e+01,        -4.231542531796e+01,        +7.778090489830e+01,        -3.382978640735e+01,        +5.119600657266e+01,        -3.156719306920e+01,        -1.334015516949e+02,        -4.228161637775e+01,        +7.818329044862e+01,        -1.004448079047e-01,        -1.826837111553e+01,        -1.021634674559e-01,        -1.844238757838e+01,        -4.228161637774e+01,        +7.818329044860e+01,        -2.759834461467e+01,        -5.878990339852e+01,        -3.351866598553e+01,        +8.139034585454e+01,        -4.231542531796e+01,        +7.778090489831e+01,        -1.004448079048e-01,        -1.826837111553e+01,        -3.351866598553e+01,        +8.139034585454e+01,        -2.819614158934e+01,        -5.789440073122e+01
 1.41000000e+02,        -3.031451137459e+01,        -1.371340864904e+02,        -3.352550673678e+01,        +5.006942713222e+01,        -1.040226170261e-01,        -1.911944469758e+01,        -4.197009540882e+01,        +7.646654445947e+01,        -3.352550673678e+01,        +5.006942713219e+01,        -3.109397913973e+01,        -1.359252085893e+02,        -4.193523006565e+01,        +7.687998965471e+01,        -1.021914886555e-01,        -1.893873919422e+01,        -1.040226170261e-01,        -1.911944469758e+01,        -4.193523006565e+01,        +7.687998965480e+01,        -2.718887172813e+01,        -5.908510718004e+01,        -3.320316127314e+01,        +8.135930282324e+01,        -4.197009540881e+01,        +7.646654445947e+01,        -1.021914886555e-01,        -1.893873919422e+01,        -3.320316127313e+01,        +8.135930282324e+01,        -2.778828697063e+01,        -5.822100308037e+01
 1.46000000e+02,        -2.985335844918e+01,        -1.395111355191e+02,        -3.323171653576e+01,        +4.893225692484e+01,        -1.059333033679e-01,        -1.979690353426e+01,        -4.163471256925e+01,        +7.517353512145e+01,        -3.323171653576e+01,        +4.893225692484e+01,        -3.063026732805e+01,        -1.383549583848e+02,        -4.159878150351e+01,        +7.559763411940e+01,        -1.039832571676e-01,        -1.960947251121e+01,        -1.059333033679e-01,        -1.979690353426e+01,        -4.159878150351e+01,        +7.559763411940e+01,        -2.678967103542e+01,        -5.937088205162e+01,        -3.289789376194e+01,        +8.131774680027e+01,        -4.163471256925e+01,        +7.517353512148e+01,        -1.039832571676e-01,        -1.960947251121e+01,        -3.289789376194e+01,        +8.131774680028e+01,        -2.739054759120e+01,        -5.853632814132e+01
 1.51000000e+02,        -2.940181003161e+01,        -1.418061685255e+02,        -3.294773776874e+01,        +4.778527264160e+01,        -1.078989590078e-01,        -2.047477683956e+01,        -4.130860504481e+01,        +7.389945052526e+01,        -3.294773776874e+01,        +4.778527264162e+01,        -3.017591104087e+01,        -1.406972490279e+02,        -4.127159938561e+01,        +7.433379785418e+01,        -1.058231974933e-01,        -2.028058314194e+01,        -1.078989590078e-01,        -2.047477683956e+01,        -4.127159938561e+01,        +7.433379785410e+01,        -2.640017669162e+01,        -5.964956510500e+01,        -3.260218612703e+01,        +8.126644498338e+01,        -4.130860504481e+01,        +7.389945052529e+01,        -1.058231974933e-01,        -2.028058314194e+01,        -3.260218612703e+01,        +8.126644498338e+01,        -2.700237657801e+01,        -5.884285508166e+01
 1.56000000e+02,        -2.895963485372e+01,        -1.440246738849e+02,        -3.267295666541e+01,        +4.662915432204e+01,        -1.099229865675e-01,        -2.115307671717e+01,        -4.099116516164e+01,        +7.264215843596e+01,        -3.267295666541e+01,        +4.662915432204e+01,        -2.973074410271e+01,        -1.429580141994e+02,        -4.095307649892e+01,        +7.308634789374e+01,        -1.077143561396e-01,        -2.095208261121e+01,        -1.099229865675e-01,        -2.115307671717e+01,        -4.095307649892e+01,        +7.308634789377e+01,        -2.601987490192e+01,        -5.992316169277e+01,        -3.231542610575e+01,        +8.120606894343e+01,        -4.099116516164e+01,        +7.264215843596e+01,        -1.077143561397e-01,        -2.095208261121e+01,        -3.231542610575e+01,        +8.120606894342e+01,        -2.662327616082e+01,        -5.914271708794e+01
 1.61000000e+02,        -2.852659876871e+01,        -1.461716974746e+02,        -3.240681585840e+01,        +4.546449855045e+01,        -1.120087680940e-01,        -2.183181464672e+01,        -4.068184152974e+01,        +7.139977813834e+01,        -3.240681585840e+01,        +4.546449855046e+01,        -2.929458559775e+01,        -1.451427172300e+02,        -4.064266197606e+01,        +7.185340176222e+01,        -1.096597519838e-01,        -2.162398191967e+01,        -1.120087680940e-01,        -2.183181464672e+01,        -4.064266197606e+01,        +7.185340176223e+01,        -2.564829789970e+01,        -6.019339370713e+01,        -3.203705855920e+01,        +8.113720885211e+01,        -4.068184152973e+01,        +7.139977813835e+01,        -1.096597519838e-01,        -2.162398191967e+01,        -3.203705855920e+01,        +8.113720885211e+01,        -2.625279213842e+01,        -5.943775122070e+01
 1.66000000e+02,        -2.810246679692e+01,        -1.482518842827e+02,        -3.214880772866e+01,        +4.429182938184e+01,        -1.141596734723e-01,        -2.251100150178e+01,        -4.038013239191e+01,        +7.017064452310e+01,        -3.214880772866e+01,        +4.429182938184e+01,        -2.886724389684e+01,        -1.472563915896e+02,        -4.033985468500e+01,        +7.063329178946e+01,        -1.116623854353e-01,        -2.229629156373e+01,        -1.141596734723e-01,        -2.251100150178e+01,        -4.033985468500e+01,        +7.063329178948e+01,        -2.528501870544e+01,        -6.046174007825e+01,        -3.176657869666e+01,        +8.106038517110e+01,        -4.038013239190e+01,        +7.017064452309e+01,        -1.116623854353e-01,        -2.229629156373e+01,        -3.176657869666e+01,        +8.106038517109e+01,        -2.589050903451e+01,        -5.972954037516e+01
 1.71000000e+02,        -2.768700479101e+01,        -1.502695155715e+02,        -3.189846874259e+01,        +4.311160758480e+01,        -1.163790678373e-01,        -2.319064756134e+01,        -4.008557996268e+01,        +6.895327785298e+01,        -3.189846874259e+01,        +4.311160758480e+01,        -2.844851999287e+01,        -1.493036779904e+02,        -4.004419758888e+01,        +6.942453520247e+01,        -1.137252466308e-01,        -2.296902154757e+01,        -1.163790678373e-01,        -2.319064756134e+01,        -4.004419758887e+01,        +6.942453520247e+01,        -2.492964656459e+01,        -6.072947089334e+01,        -3.150352627737e+01,        +8.097605828380e+01,        -4.008557996268e+01,        +6.895327785299e+01,        -1.137252466308e-01,        -2.296902154757e+01,        -3.150352627737e+01,        +8.097605828380e+01,        -2.553604586401e+01,        -6.001944873218e+01
 1.76000000e+02,        -2.727998078011e+01,        -1.522285420736e+02,        -3.165537459779e+01,        +4.192423860157e+01,        -1.186703178039e-01,        -2.387076251478e+01,        -3.979776559887e+01,        +6.774635843763e+01,        -3.165537459780e+01,        +4.192423860156e+01,        -2.803821024496e+01,        -1.512888582480e+02,        -3.975527291528e+01,        +6.822580913361e+01,        -1.158513223624e-01,        -2.364218138745e+01,        -1.186703178039e-01,        -2.387076251478e+01,        -3.975527291528e+01,        +6.822580913364e+01,        -2.458182297223e+01,        -6.099767624303e+01,        -3.124748063672e+01,        +8.088463650280e+01,        -3.979776559887e+01,        +6.774635843763e+01,        -1.158513223624e-01,        -2.364218138745e+01,        -3.124748063672e+01,        +8.088463650280e+01,        -2.518905243306e+01,        -6.030865178954e+01
 1.81000000e+02,        -2.688116604027e+01,        -1.541326136797e+02,        -3.141913602778e+01,        +4.073007946732e+01,        -1.210367963996e-01,        -2.455135546217e+01,        -3.951630565005e+01,        +6.654870552019e+01,        -3.141913602778e+01,        +4.073007946732e+01,        -2.763610861761e+01,        -1.532158861178e+02,        -3.947269798780e+01,        +6.703592978084e+01,        -1.180436015640e-01,        -2.431578011069e+01,        -1.210367963996e-01,        -2.455135546217e+01,        -3.947269798779e+01,        +6.703592978083e+01,        -2.424121820297e+01,        -6.126729068667e+01,        -3.099805640601e+01,        +8.078648281889e+01,        -3.951630565006e+01,        +6.654870552021e+01,        -1.180436015640e-01,        -2.431578011069e+01,        -3.099805640602e+01,        +8.078648281890e+01,        -2.484920610089e+01,        -6.059816185917e+01
 1.86000000e+02,        -2.649033593197e+01,        -1.559851060437e+02,        -3.118939514878e+01,        +3.952944482745e+01,        -1.234818867255e-01,        -2.523243491165e+01,        -3.924084785735e+01,        +6.535925969465e+01,        -3.118939514878e+01,        +3.952944482745e+01,        -2.724200849143e+01,        -1.550884153603e+02,        -3.919612159605e+01,        +6.585383500447e+01,        -1.203050793758e-01,        -2.498982625185e+01,        -1.234818867255e-01,        -2.523243491165e+01,        -3.919612159605e+01,        +6.585383500446e+01,        -2.390752827407e+01,        -6.153911406817e+01,        -3.075489981294e+01,        +8.068192067601e+01,        -3.924084785736e+01,        +6.535925969468e+01,        -1.203050793758e-01,        -2.498982625185e+01,        -3.075489981294e+01,        +8.068192067602e+01,        -2.451620893821e+01,        -6.088884976782e+01
 1.91000000e+02,        -2.610727054154e+01,        -1.577891444896e+02,        -3.096582225954e+01,        +3.832261214383e+01,        -1.260089844969e-01,        -2.591400877602e+01,        -3.897106819586e+01,        +6.417706820788e+01,        -3.096582225954e+01,        +3.832261214384e+01,        -2.685570411411e+01,        -1.569098252897e+02,        -3.892522080770e+01,        +6.467856971531e+01,        -1.226387599760e-01,        -2.566432784828e+01,        -1.260089844969e-01,        -2.591400877602e+01,        -3.892522080770e+01,        +6.467856971532e+01,        -2.358047228090e+01,        -6.181382928723e+01,        -3.051768546709e+01,        +8.057123897562e+01,        -3.897106819586e+01,        +6.417706820789e+01,        -1.226387599760e-01,        -2.566432784828e+01,        -3.051768546709e+01,        +8.057123897563e+01,        -2.418978522581e+01,        -6.118146338255e+01
 1.96000000e+02,        -2.573175516015e+01,        -1.595476255503e+02,        -3.074811302619e+01,        +3.710982616871e+01,        -1.286214996793e-01,        -2.659608436948e+01,        -3.870666808366e+01,        +6.300127257541e+01,        -3.074811302619e+01,        +3.710982616872e+01,        -2.647699175286e+01,        -1.586832440413e+02,        -3.865969815023e+01,        +6.350927350209e+01,        -1.250476584448e-01,        -2.633929243654e+01,        -1.286214996793e-01,        -2.659608436948e+01,        -3.865969815023e+01,        +6.350927350210e+01,        -2.325979005282e+01,        -6.209201752571e+01,        -3.028611355122e+01,        +8.045469644996e+01,        -3.870666808366e+01,        +6.300127257540e+01,        -1.250476584448e-01,        -2.633929243654e+01,        -3.028611355121e+01,        +8.045469644996e+01,        -2.386967924639e+01,        -6.147664348135e+01
 2.01000000e+02,        -2.536358062977e+01,        -1.612632364215e+02,        -3.053598599889e+01,        +3.589130276776e+01,        -1.313228574356e-01,        -2.727866840528e+01,        -3.844737190134e+01,        +6.183109804120e+01,        -3.053598599889e+01,        +3.589130276775e+01,        -2.610567060072e+01,        -1.604115697657e+02,        -3.839927910928e+01,        +6.234517005531e+01,        -1.275348019212e-01,        -2.701472705025e+01,        -1.313228574356e-01,        -2.727866840528e+01,        -3.839927910927e+01,        +6.234517005532e+01,        -2.294524008666e+01,        -6.237417134060e+01,        -3.005990735385e+01,        +8.033252550014e+01,        -3.844737190134e+01,        +6.183109804124e+01,        -1.275348019212e-01,        -2.701472705025e+01,        -3.005990735385e+01,        +8.033252550015e+01,        -2.355565333034e+01,        -6.177493740088e+01
 2.06000000e+02,        -2.500254358130e+01,        -1.629384725623e+02,        -3.032918041671e+01,        +3.466723217690e+01,        -1.341164985686e-01,        -2.796176699447e+01,        -3.819292478079e+01,        +6.066584451542e+01,        -3.032918041671e+01,        +3.466723217689e+01,        -2.574154348117e+01,        -1.620974899369e+02,        -3.814370990243e+01,        +6.118555804546e+01,        -1.301032302688e-01,        -2.769063821946e+01,        -1.341164985686e-01,        -2.796176699447e+01,        -3.814370990243e+01,        +6.118555804549e+01,        -2.263659772098e+01,        -6.266070596110e+01,        -2.983881109150e+01,        +8.020493556972e+01,        -3.819292478080e+01,        +6.066584451543e+01,        -1.301032302688e-01,        -2.769063821946e+01,        -2.983881109150e+01,        +8.020493556972e+01,        -2.324748612309e+01,        -6.207681081621e+01
 2.11000000e+02,        -2.464844658574e+01,        -1.645756536467e+02,        -3.012745426385e+01,        +3.343778177525e+01,        -1.370058795947e-01,        -2.864538564555e+01,        -3.794309063085e+01,        +5.950487871388e+01,        -3.012745426386e+01,        +3.343778177525e+01,        -2.538441738772e+01,        -1.637434989387e+02,        -3.789275549546e+01,        +6.002980319594e+01,        -1.327559964015e-01,        -2.836703197127e+01,        -1.370058795947e-01,        -2.864538564555e+01,        -3.789275549545e+01,        +6.002980319593e+01,        -2.233365352041e+01,        -6.295196906671e+01,        -2.962258797861e+01,        +8.007211611051e+01,        -3.794309063085e+01,        +5.950487871390e+01,        -1.327559964015e-01,        -2.836703197127e+01,        -2.962258797861e+01,        +8.007211611052e+01,        -2.294497104643e+01,        -6.238265794300e+01
 2.16000000e+02,        -2.430109823540e+01,        -1.661769380354e+02,        -2.993058254525e+01,        +3.220309844935e+01,        -1.399944725454e-01,        -2.932952926501e+01,        -3.769765037280e+01,        +5.834762729175e+01,        -2.993058254524e+01,        +3.220309844935e+01,        -2.503410388830e+01,        -1.653519140806e+02,        -3.764619783248e+01,        +5.887733135301e+01,        -1.354961663740e-01,        -2.904391383153e+01,        -1.399944725454e-01,        -2.932952926501e+01,        -3.764619783248e+01,        +5.887733135302e+01,        -2.203621184345e+01,        -6.324824927405e+01,        -2.941101851115e+01,        +7.993423918974e+01,        -3.769765037280e+01,        +5.834762729175e+01,        -1.354961663741e-01,        -2.904391383153e+01,        -2.941101851115e+01,        +7.993423918974e+01,        -2.264791493036e+01,        -6.269281040003e+01
 2.21000000e+02,        -2.396031316888e+01,        -1.677443359184e+02,        -2.973835575374e+01,        +3.096331061400e+01,        -1.430857645592e-01,        -3.001420215850e+01,        -3.745640036197e+01,        +5.719357081360e+01,        -2.973835575375e+01,        +3.096331061400e+01,        -2.469041941933e+01,        -1.669248901831e+02,        -3.740383425518e+01,        +5.772762240085e+01,        -1.383268192977e-01,        -2.972128882731e+01,        -1.430857645592e-01,        -3.001420215850e+01,        -3.740383425518e+01,        +5.772762240085e+01,        -2.174408957072e+01,        -6.354978352116e+01,        -2.920389893545e+01,        +7.979146178246e+01,        -3.745640036197e+01,        +5.719357081365e+01,        -1.383268192977e-01,        -2.972128882731e+01,        -2.920389893545e+01,        +7.979146178248e+01,        -2.235613679480e+01,        -6.300754492812e+01
 2.26000000e+02,        -2.362591205099e+01,        -1.692797212634e+02,        -2.955057850465e+01,        +2.971852994416e+01,        -1.462832573084e-01,        -3.069940803261e+01,        -3.721915097420e+01,        +5.604223843656e+01,        -2.955057850465e+01,        +2.971852994416e+01,        -2.435318548924e+01,        -1.684644328593e+02,        -3.716547608871e+01,        +5.658020489809e+01,        -1.412510471245e-01,        -3.039916148995e+01,        -1.462832573084e-01,        -3.069940803261e+01,        -3.716547608871e+01,        +5.658020489809e+01,        -2.145711497394e+01,        -6.385676350597e+01,        -2.900103987861e+01,        +7.964392778903e+01,        -3.721915097420e+01,        +5.604223843656e+01,        -1.412510471245e-01,        -3.039916148995e+01,        -2.900103987861e+01,        +7.964392778903e+01,        -2.206946676349e+01,        -6.332709012808e+01
 2.31000000e+02,        -2.329772151675e+01,        -1.707848426861e+02,        -2.936706831648e+01,        +2.846885286242e+01,        -1.495904662919e-01,        -3.138514999720e+01,        -3.698572533818e+01,        +5.489320320687e+01,        -2.936706831648e+01,        +2.846885286242e+01,        -2.402222880829e+01,        -1.699724106129e+02,        -3.693094737449e+01,        +5.543465133702e+01,        -1.442719543236e-01,        -3.107753585867e+01,        -1.495904662919e-01,        -3.138514999720e+01,        -3.693094737449e+01,        +5.543465133702e+01,        -2.117512670807e+01,        -6.416934131108e+01,        -2.880226512017e+01,        +7.949176981288e+01,        -3.698572533818e+01,        +5.489320320686e+01,        -1.442719543236e-01,        -3.107753585867e+01,        -2.880226512017e+01,        +7.949176981288e+01,        -2.178774509415e+01,        -6.365163235373e+01
 2.36000000e+02,        -2.297557408673e+01,        -1.722613333506e+02,        -2.918765451973e+01,        +2.721436181804e+01,        -1.530109200180e-01,        -3.207143056820e+01,        -3.675595819634e+01,        +5.374607788737e+01,        -2.918765451973e+01,        +2.721436181805e+01,        -2.369738135818e+01,        -1.714505658604e+02,        -3.670008373218e+01,        +5.429057394054e+01,        -1.473926574723e-01,        -3.175641548463e+01,        -1.530109200180e-01,        -3.207143056820e+01,        -3.670008373218e+01,        +5.429057394053e+01,        -2.089797291185e+01,        -6.448763432546e+01,        -2.860741048779e+01,        +7.933511072993e+01,        -3.675595819634e+01,        +5.374607788735e+01,        -1.473926574723e-01,        -3.175641548463e+01,        -2.860741048778e+01,        +7.933511072992e+01,        -2.151082131116e+01,        -6.398132087482e+01
 2.41000000e+02,        -2.265930805998e+01,        -1.737107199936e+02,        -2.901217727798e+01,        +2.595512638658e+01,        -1.565481590990e-01,        -3.275825167101e+01,        -3.652969487929e+01,        +5.260051124603e+01,        -2.901217727798e+01,        +2.595512638657e+01,        -2.337848041296e+01,        -1.729005249792e+02,        -3.647273133526e+01,        +5.314762092546e+01,        -1.506162847783e-01,        -3.243580343546e+01,        -1.565481590990e-01,        -3.275825167101e+01,        -3.647273133526e+01,        +5.314762092549e+01,        -2.062551040336e+01,        -6.481172955783e+01,        -2.841632286186e+01,        +7.917406507685e+01,        -3.652969487929e+01,        +5.260051124606e+01,        -1.506162847784e-01,        -3.243580343546e+01,        -2.841632286186e+01,        +7.917406507686e+01,        -2.123855342867e+01,        -6.431627240710e+01
 2.46000000e+02,        -2.234876738966e+01,        -1.751344311589e+02,        -2.884048670774e+01,        +2.469120421340e+01,        -1.602057352779e-01,        -3.344561464449e+01,        -3.630679038024e+01,        +5.145618474561e+01,        -2.884048670774e+01,        +2.469120421339e+01,        -2.306536852056e+01,        -1.743238074721e+02,        -3.624874598669e+01,        +5.200547317072e+01,        -1.539459755510e-01,        -3.311570230044e+01,        -1.602057352778e-01,        -3.344561464449e+01,        -3.624874598669e+01,        +5.200547317072e+01,        -2.035760395930e+01,        -6.514168742169e+01,        -2.822885927628e+01,        +7.900874028176e+01,        -3.630679038024e+01,        +5.145618474561e+01,        -1.539459755510e-01,        -3.311570230044e+01,        -2.822885927628e+01,        +7.900874028176e+01,        -2.097080725340e+01,        -6.465657509252e+01
 2.51000000e+02,        -2.204380154538e+01,        -1.765338047185e+02,        -2.867244208540e+01,        +2.342264182000e+01,        -1.639872104071e-01,        -3.413352024561e+01,        -3.608710851761e+01,        +5.031280958239e+01,        -2.867244208540e+01,        +2.342264182000e+01,        -2.275789345292e+01,        -1.757218343321e+02,        -3.602799228265e+01,        +5.086384123612e+01,        -1.573848796395e-01,        -3.379611419614e+01,        -1.639872104071e-01,        -3.413352024561e+01,        -3.602799228265e+01,        +5.086384123613e+01,        -2.009412566788e+01,        -6.547754506106e+01,        -2.804488610397e+01,        +7.883923775769e+01,        -3.608710851761e+01,        +5.031280958238e+01,        -1.573848796395e-01,        -3.379611419614e+01,        -2.804488610397e+01,        +7.883923775768e+01,        -2.070745575793e+01,        -6.500229200076e+01
 2.56000000e+02,        -2.174426536593e+01,        -1.779100947496e+02,        -2.850791113125e+01,        +2.214947528870e+01,        -1.678961554020e-01,        -3.482196865493e+01,        -3.587052117555e+01,        +4.917012402909e+01,        -2.850791113125e+01,        +2.214947528869e+01,        -2.245590813127e+01,        -1.770959356831e+02,        -3.581034285408e+01,        +4.972246268638e+01,        -1.609361568575e-01,        -3.447704077280e+01,        -1.678961554020e-01,        -3.482196865493e+01,        -3.581034285408e+01,        +4.972246268639e+01,        -1.983495434680e+01,        -6.581931927589e+01,        -2.786427831746e+01,        +7.866565387600e+01,        -3.587052117555e+01,        +4.917012402908e+01,        -1.609361568575e-01,        -3.447704077280e+01,        -2.786427831746e+01,        +7.866565387599e+01,        -2.044837851611e+01,        -6.535346421320e+01
 2.61000000e+02,        -2.145001890527e+01,        -1.792644778285e+02,        -2.834676936199e+01,        +2.087173083821e+01,        -1.719361491894e-01,        -3.551095948280e+01,        -3.565690761332e+01,        +4.802789104269e+01,        -2.834676936199e+01,        +2.087173083821e+01,        -2.215927053196e+01,        -1.784473577652e+02,        -3.559567767705e+01,        +4.858109967926e+01,        -1.646029764161e-01,        -3.515848322147e+01,        -1.719361491894e-01,        -3.551095948280e+01,        -3.559567767704e+01,        +4.858109967926e+01,        -1.957997501848e+01,        -6.616700909824e+01,        -2.768691881597e+01,        +7.848808083504e+01,        -3.565690761332e+01,        +4.802789104267e+01,        -1.646029764161e-01,        -3.515848322147e+01,        -2.768691881597e+01,        +7.848808083503e+01,        -2.019346119365e+01,        -6.571011354198e+01
 2.66000000e+02,        -2.116092727407e+01,        +1.794019412013e+02,        -2.818889950419e+01,        +1.958942530088e+01,        -1.761107776795e-01,        -3.620049177655e+01,        -3.544615383565e+01,        +4.688589610296e+01,        -2.818889950419e+01,        +1.958942530088e+01,        -2.186784357745e+01,        -1.797772693266e+02,        -3.538388344420e+01,        +4.743953678304e+01,        -1.683885163868e-01,        -3.584044228192e+01,        -1.761107776795e-01,        -3.620049177655e+01,        -3.538388344419e+01,        +4.743953678306e+01,        -1.932907843612e+01,        -6.652059806317e+01,        -2.751269781156e+01,        +7.830660743653e+01,        -3.544615383565e+01,        +4.688589610296e+01,        -1.683885163868e-01,        -3.584044228192e+01,        -2.751269781156e+01,        +7.830660743652e+01,        -1.994259508744e+01,        -6.607224493004e+01
 2.71000000e+02,        -2.087686047899e+01,        +1.780881239382e+02,        -2.803419096235e+01,        +1.830256651029e+01,        -1.804236327850e-01,        -3.689056402866e+01,        -3.523815201719e+01,        +4.574394525205e+01,        -2.803419096235e+01,        +1.830256651029e+01,        -2.158149501631e+01,        +1.789132325222e+02,        -3.517485299042e+01,        +4.629757899348e+01,        -1.722959632213e-01,        -3.652291825148e+01,        -1.804236327849e-01,        -3.689056402866e+01,        -3.517485299042e+01,        +4.629757899347e+01,        -1.908216065462e+01,        -6.688005621275e+01,        -2.734151226765e+01,        +7.812131978090e+01,        -3.523815201720e+01,        +4.574394525204e+01,        -1.722959632213e-01,        -3.652291825148e+01,        -2.734151226765e+01,        +7.812131978090e+01,        -1.969567670813e+01,        -6.643984857137e+01
 2.76000000e+02,        -2.059769326118e+01,        +1.767930935625e+02,        -2.788253933597e+01,        +1.701115360676e+01,        -1.848783115197e-01,        -3.758117418600e+01,        -3.503279997508e+01,        +4.460186330915e+01,        -2.788253933597e+01,        +1.701115360676e+01,        -2.130009729516e+01,        +1.776231169401e+02,        -3.496848476695e+01,        +4.515504992336e+01,        -1.763285113556e-01,        -3.720591099482e+01,        -1.848783115197e-01,        -3.758117418600e+01,        -3.496848476694e+01,        +4.515504992336e+01,        -1.883912264142e+01,        -6.724534186632e+01,        -2.717326538427e+01,        +7.793230189115e+01,        -3.503279997508e+01,        +4.460186330915e+01,        -1.763285113556e-01,        -3.720591099482e+01,        -2.717326538427e+01,        +7.793230189114e+01,        -1.945260740126e+01,        -6.681290178616e+01
 2.81000000e+02,        -2.032330493551e+01,        +1.755159303681e+02,        -2.773384598080e+01,        +1.571517726717e+01,        -1.894784152103e-01,        -3.827231966016e+01,        -3.483000068411e+01,        +4.345949223746e+01,        -2.773384598080e+01,        +1.571517726717e+01,        -2.102352742539e+01,        +1.763514144285e+02,        -3.476468235860e+01,        +4.401179014296e+01,        -1.804893629285e-01,        -3.788941995475e+01,        -1.894784152103e-01,        -3.827231966016e+01,        -3.476468235860e+01,        +4.401179014297e+01,        -1.859986992273e+01,        -6.761640318590e+01,        -2.700786612488e+01,        +7.773963627321e+01,        -3.483000068412e+01,        +4.345949223746e+01,        -1.804893629285e-01,        -3.788941995475e+01,        -2.700786612488e+01,        +7.773963627320e+01,        -1.921329300248e+01,        -6.719137068054e+01
 2.86000000e+02,        -2.005357923162e+01,        +1.742557676468e+02,        -2.758801761010e+01,        +1.441461986459e+01,        -1.942275488546e-01,        -3.896399733897e+01,        -3.462966183003e+01,        +4.231668964357e+01,        -2.758801761010e+01,        +1.441461986459e+01,        -2.075166684668e+01,        +1.750972123035e+02,        -3.456335403968e+01,        +4.286765565110e+01,        -1.847817276480e-01,        -3.857344416403e+01,        -1.942275488546e-01,        -3.896399733897e+01,        -3.456335403968e+01,        +4.286765565110e+01,        -1.836431226134e+01,        -6.799317956217e+01,        -2.684522878008e+01,        +7.754340442000e+01,        -3.462966183003e+01,        +4.231668964358e+01,        -1.847817276480e-01,        -3.857344416403e+01,        -2.684522878008e+01,        +7.754340442000e+01,        -1.897764352340e+01,        -6.757521161718e+01
 2.91000000e+02,        -1.978840413768e+01,        +1.730117878942e+02,        -2.744496593224e+01,        +1.310945556231e+01,        -1.991293206690e-01,        -3.965620359921e+01,        -3.443169539647e+01,        +4.117332739102e+01,        -2.744496593224e+01,        +1.310945556231e+01,        -2.048440128914e+01,        +1.738596505291e+02,        -3.436441236433e+01,        +4.172251646015e+01,        -1.892088228432e-01,        -3.925798225837e+01,        -1.991293206690e-01,        -3.965620359921e+01,        -3.436441236433e+01,        +4.172251646015e+01,        -1.813236336257e+01,        -6.837560284279e+01,        -2.668527256430e+01,        +7.734368726482e+01,        -3.443169539647e+01,        +4.117332739102e+01,        -1.892088228432e-01,        -3.925798225837e+01,        -2.668527256430e+01,        +7.734368726482e+01,        -1.874557286452e+01,        -6.796437251950e+01
 2.96000000e+02,        -1.952767174780e+01,        +1.717832193065e+02,        -2.730460732147e+01,        +1.179965034633e+01,        -2.041873418640e-01,        -4.034893432041e+01,        -3.423601728200e+01,        +4.002929031212e+01,        -2.730460732147e+01,        +1.179965034633e+01,        -2.022162063560e+01,        +1.726379178787e+02,        -3.416777378767e+01,        +4.057625527977e+01,        -1.937738737371e-01,        -3.994303249036e+01,        -2.041873418640e-01,        -4.034893432041e+01,        -3.416777378766e+01,        +4.057625527976e+01,        -1.790394060548e+01,        -6.876359842234e+01,        -2.652792124172e+01,        +7.714056558891e+01,        -3.423601728200e+01,        +4.002929031214e+01,        -1.937738737371e-01,        -3.994303249036e+01,        -2.652792124172e+01,        +7.714056558891e+01,        -1.851699855259e+01,        -6.835879402925e+01
 3.01000000e+02,        -1.927127811363e+01,        +1.705693325408e+02,        -2.716686251905e+01,        +1.048516199943e+01,        -2.094052266912e-01,        -4.104218489986e+01,        -3.404254694370e+01,        +3.888447500286e+01,        -2.716686251905e+01,        +1.048516199944e+01,        -1.996321878530e+01,        +1.714312483928e+02,        -3.397335831433e+01,        +3.942876628545e+01,        -1.984801139843e-01,        -4.062859274456e+01,        -2.094052266912e-01,        -4.104218489986e+01,        -3.397335831433e+01,        +3.942876628545e+01,        -1.767896479657e+01,        -6.915708621060e+01,        -2.637310277810e+01,        +7.693412038677e+01,        -3.404254694370e+01,        +3.888447500286e+01,        -1.984801139843e-01,        -4.062859274456e+01,        -2.637310277810e+01,        +7.693412038677e+01,        -1.829184149971e+01,        -6.875841053525e+01
 3.06000000e+02,        -1.901912310091e+01,        +1.693694377146e+02,        -2.703165636232e+01,        +9.165940019327e+00,        -2.147865928062e-01,        -4.173595026864e+01,        -3.385120706444e+01,        +3.773878868669e+01,        -2.703165636232e+01,        +9.165940019330e+00,        -1.970909352004e+01,        +1.702389181060e+02,        -3.378108917143e+01,        +3.827995395901e+01,        -2.033307865131e-01,        -4.131466055358e+01,        -2.147865928061e-01,        -4.173595026864e+01,        -3.378108917142e+01,        +3.827995395900e+01,        -1.745735994375e+01,        -6.955598149364e+01,        -2.622074901570e+01,        +7.672443319207e+01,        -3.385120706444e+01,        +3.773878868669e+01,        -2.033307865131e-01,        -4.131466055358e+01,        -2.622074901570e+01,        +7.672443319208e+01,        -1.807002578186e+01,        -6.916315108833e+01
 3.11000000e+02,        -1.877111025125e+01,        +1.681828816226e+02,        -2.689891753958e+01,        +7.841925482499e+00,        -2.203350619922e-01,        -4.243022490860e+01,        -3.366192324099e+01,        +3.659214813377e+01,        -2.689891753958e+01,        +7.841925482499e+00,        -1.945914637375e+01,        +1.690602420172e+02,        -3.359089250293e+01,        +3.712973198816e+01,        -2.083291447185e-01,        -4.200123311508e+01,        -2.203350619921e-01,        -4.243022490860e+01,        -3.359089250293e+01,        +3.712973198816e+01,        -1.723905304859e+01,        -6.996019570062e+01,        -2.607079536850e+01,        +7.651158636576e+01,        -3.366192324099e+01,        +3.659214813377e+01,        -2.083291447185e-01,        -4.200123311508e+01,        -2.607079536850e+01,        +7.651158636575e+01,        -1.785147843499e+01,        -6.957294021629e+01
 3.16000000e+02,        -1.852714664974e+01,        +1.670090451520e+02,        -2.676857836902e+01,        +6.513050854821e+00,        -2.260542612901e-01,        -4.312500287025e+01,        -3.347462369090e+01,        +3.544447862256e+01,        -2.676857836902e+01,        +6.513050854827e+00,        -1.921328250626e+01,        +1.678945712811e+02,        -3.340269708328e+01,        +3.597802221311e+01,        -2.134784540511e-01,        -4.268830730972e+01,        -2.260542612901e-01,        -4.312500287025e+01,        -3.340269708327e+01,        +3.597802221310e+01,        -1.702397391480e+01,        -7.036963708736e+01,        -2.592318053548e+01,        +7.629566334732e+01,        -3.347462369090e+01,        +3.544447862256e+01,        -2.134784540511e-01,        -4.268830730972e+01,        -2.592318053549e+01,        +7.629566334732e+01,        -1.763612926677e+01,        -6.998769865061e+01
 3.21000000e+02,        -1.828714279881e+01,        +1.658473408759e+02,        -2.664057460020e+01,        +5.179239749044e+00,        -2.319478245821e-01,        -4.382027779131e+01,        -3.328923897582e+01,        +3.429571293096e+01,        -2.664057460020e+01,        +5.179239749040e+00,        -1.897141058202e+01,        +1.667412905998e+02,        -3.321643404778e+01,        +3.482475360704e+01,        -2.187819940510e-01,        -4.337587971972e+01,        -2.319478245821e-01,        -4.382027779131e+01,        -3.321643404778e+01,        +3.482475360705e+01,        -1.681205497149e+01,        -7.078421134676e+01,        -2.577784622987e+01,        +7.607674886956e+01,        -3.328923897582e+01,        +3.429571293095e+01,        -2.187819940510e-01,        -4.337587971972e+01,        -2.577784622987e+01,        +7.607674886956e+01,        -1.742391068239e+01,        -7.040734397588e+01
 3.26000000e+02,        -1.805101249846e+01,        +1.646972108114e+02,        -2.651484523689e+01,        +3.840406628874e+00,        -2.380193946790e-01,        -4.451604291590e+01,        -3.310570173992e+01,        +3.314579034477e+01,        -2.651484523689e+01,        +3.840406628875e+00,        -1.873344265425e+01,        +1.655998157971e+02,        -3.303203663818e+01,        +3.366986127861e+01,        -2.242430608781e-01,        -4.406394664824e+01,        -2.380193946790e-01,        -4.451604291590e+01,        -3.303203663818e+01,        +3.366986127861e+01,        -1.660323110965e+01,        -7.120382215482e+01,        -2.563473692241e+01,        +7.585492913641e+01,        -3.310570173992e+01,        +3.314579034477e+01,        -2.242430608781e-01,        -4.406394664824e+01,        -2.563473692241e+01,        +7.585492913641e+01,        -1.721475752300e+01,        -7.083179121135e+01
 3.31000000e+02,        -1.781867273341e+01,        +1.635581243269e+02,        -2.639133238034e+01,        +2.496456458822e+00,        -2.442726259649e-01,        -4.521229111407e+01,        -3.292394646169e+01,        +3.199465567149e+01,        -2.639133238034e+01,        +2.496456458822e+00,        -1.849929405535e+01,        +1.644695915580e+02,        -3.284943996175e+01,        +3.251328548312e+01,        -2.298649703958e-01,        -4.475250413909e+01,        -2.442726259649e-01,        -4.521229111407e+01,        -3.284943996175e+01,        +3.251328548311e+01,        -1.639743953045e+01,        -7.162837166043e+01,        -2.549379959719e+01,        +7.563029196308e+01,        -3.292394646169e+01,        +3.199465567150e+01,        -2.298649703958e-01,        -4.475250413909e+01,        -2.549379959719e+01,        +7.563029196308e+01,        -1.700860691558e+01,        -7.126095333337e+01
 3.36000000e+02,        -1.759004356727e+01,        +1.624295761846e+02,        -2.626998109250e+01,        +1.147284298616e+00,        -2.507111876586e-01,        -4.590901490162e+01,        -3.274390921824e+01,        +3.084225824773e+01,        -2.626998109250e+01,        +1.147284298614e+00,        -1.826888329369e+01,        +1.633500893192e+02,        -3.266858076271e+01,        +3.135497063063e+01,        -2.356510618694e-01,        -4.544154799682e+01,        -2.507111876586e-01,        -4.590901490162e+01,        -3.266858076271e+01,        +3.135497063065e+01,        -1.619461960431e+01,        -7.205776092623e+01,        -2.535498351848e+01,        +7.540292687740e+01,        -3.274390921824e+01,        +3.084225824772e+01,        -2.356510618695e-01,        -4.544154799682e+01,        -2.535498351848e+01,        +7.540292687739e+01,        -1.680539813297e+01,        -7.169474174649e+01
 3.41000000e+02,        -1.736504804413e+01,        +1.613110847083e+02,        -2.615073927876e+01,        -2.072251590158e-01,        -2.573387677569e-01,        -4.660620645988e+01,        -3.256552746104e+01,        +2.968855092911e+01,        -2.615073927876e+01,        -2.072251590145e-01,        -1.804213195766e+01,        +1.622408052974e+02,        -3.248939720525e+01,        +3.019486427868e+01,        -2.416047023473e-01,        -4.613107380695e+01,        -2.573387677569e-01,        -4.660620645988e+01,        -3.248939720525e+01,        +3.019486427868e+01,        -1.599471273953e+01,        -7.249189032724e+01,        -2.521824000725e+01,        +7.517292518088e+01,        -3.256552746104e+01,        +2.968855092910e+01,        -2.416047023473e-01,        -4.613107380695e+01,        -2.521824000725e+01,        +7.517292518087e+01,        -1.660507246317e+01,        -7.213306671050e+01
 3.46000000e+02,        -1.714361209770e+01,        +1.602021900640e+02,        -2.603355759031e+01,        -1.567198108531e+00,        -2.641590777341e-01,        -4.730385765522e+01,        -3.238873980255e+01,        +2.853348905148e+01,        -2.603355759031e+01,        -1.567198108531e+00,        -1.781896462707e+01,        +1.611412586432e+02,        -3.231182866732e+01,        +2.903291609731e+01,        -2.477292918002e-01,        -4.682107695589e+01,        -2.641590777342e-01,        -4.730385765522e+01,        -3.231182866732e+01,        +2.903291609731e+01,        -1.579766225964e+01,        -7.293065991370e+01,        -2.508352222635e+01,        +7.494037996751e+01,        -3.238873980255e+01,        +2.853348905148e+01,        -2.477292918002e-01,        -4.682107695589e+01,        -2.508352222635e+01,        +7.494037996752e+01,        -1.640757308696e+01,        -7.257583772985e+01
